{"type":"FeatureCollection","features":[{"type":"Feature","properties":{"cc":"ES"},"geometry":{"type":"MultiPolygon","coordinates":[[[[-5.341,35.847],[-5.363,35.864],[-5.378,35.882],[-5.39,35.902],[-5.399,35.925],[-5.385,35.926],[-5.366,35.925],[-5.344,35.915],[-5.327,35.904],[-5.309,35.901],[-5.283,35.912],[-5.292,35.891],[-5.336,35.862],[-5.341,35.847]]],[[[-2.948,35.33],[-2.922,35.288],[-2.913,35.277],[-2.913,35.277],[-2.943,35.268],[-2.964,35.286],[-2.967,35.314],[-2.948,35.33]]],[[[-1.794,43.386],[-1.796,43.374],[-1.797,43.353],[-1.797,43.341],[-1.768,43.331],[-1.756,43.319],[-1.752,43.299],[-1.75,43.295],[-1.747,43.291],[-1.737,43.292],[-1.725,43.297],[-1.703,43.299],[-1.683,43.305],[-1.674,43.304],[-1.655,43.298],[-1.645,43.292],[-1.645,43.288],[-1.648,43.282],[-1.646,43.273],[-1.639,43.256],[-1.634,43.251],[-1.622,43.247],[-1.611,43.246],[-1.598,43.247],[-1.588,43.252],[-1.582,43.26],[-1.574,43.277],[-1.559,43.284],[-1.539,43.284],[-1.508,43.277],[-1.466,43.261],[-1.455,43.262],[-1.444,43.265],[-1.432,43.265],[-1.404,43.243],[-1.4,43.207],[-1.411,43.167],[-1.426,43.135],[-1.438,43.123],[-1.48,43.09],[-1.488,43.082],[-1.475,43.06],[-1.457,43.045],[-1.435,43.036],[-1.411,43.031],[-1.383,43.029],[-1.366,43.033],[-1.358,43.047],[-1.355,43.073],[-1.348,43.093],[-1.331,43.107],[-1.309,43.114],[-1.286,43.109],[-1.307,43.096],[-1.315,43.083],[-1.311,43.069],[-1.294,43.055],[-1.275,43.047],[-1.217,43.039],[-1.183,43.025],[-1.15,43.006],[-1.112,43.008],[-1.104,43.006],[-1.087,42.998],[-1.08,42.993],[-1.045,42.99],[-1.028,42.987],[-1.016,42.976],[-0.981,42.957],[-0.943,42.948],[-0.864,42.943],[-0.786,42.953],[-0.76,42.947],[-0.745,42.919],[-0.741,42.911],[-0.741,42.904],[-0.745,42.899],[-0.746,42.894],[-0.74,42.885],[-0.73,42.878],[-0.72,42.877],[-0.711,42.878],[-0.7,42.876],[-0.666,42.861],[-0.648,42.85],[-0.609,42.811],[-0.608,42.807],[-0.61,42.803],[-0.61,42.799],[-0.604,42.797],[-0.587,42.797],[-0.583,42.796],[-0.577,42.79],[-0.579,42.783],[-0.579,42.777],[-0.569,42.773],[-0.561,42.774],[-0.544,42.782],[-0.536,42.784],[-0.534,42.808],[-0.508,42.807],[-0.454,42.789],[-0.424,42.791],[-0.4,42.801],[-0.352,42.829],[-0.343,42.823],[-0.335,42.825],[-0.328,42.833],[-0.323,42.843],[-0.307,42.832],[-0.305,42.831],[-0.247,42.805],[-0.235,42.786],[-0.208,42.784],[-0.179,42.79],[-0.161,42.795],[-0.164,42.778],[-0.158,42.761],[-0.146,42.746],[-0.129,42.736],[-0.123,42.73],[-0.122,42.723],[-0.119,42.717],[-0.108,42.713],[-0.096,42.711],[-0.089,42.706],[-0.084,42.701],[-0.078,42.697],[-0.039,42.685],[-0.004,42.688],[0.073,42.708],[0.134,42.715],[0.153,42.725],[0.169,42.726],[0.222,42.716],[0.238,42.71],[0.26,42.682],[0.275,42.669],[0.29,42.67],[0.318,42.7],[0.336,42.713],[0.354,42.717],[0.382,42.7],[0.384,42.697],[0.384,42.693],[0.384,42.689],[0.389,42.685],[0.409,42.682],[0.429,42.683],[0.467,42.69],[0.484,42.685],[0.608,42.688],[0.644,42.684],[0.657,42.688],[0.663,42.696],[0.665,42.699],[0.666,42.715],[0.66,42.73],[0.648,42.741],[0.633,42.745],[0.64,42.755],[0.643,42.759],[0.651,42.763],[0.64,42.775],[0.654,42.803],[0.652,42.824],[0.656,42.838],[0.679,42.845],[0.707,42.847],[0.724,42.845],[0.759,42.835],[0.776,42.832],[0.796,42.834],[0.813,42.832],[0.856,42.813],[0.886,42.804],[0.894,42.799],[0.91,42.788],[0.921,42.784],[0.931,42.788],[0.94,42.794],[0.95,42.796],[0.959,42.794],[0.975,42.784],[0.983,42.78],[1.068,42.776],[1.089,42.771],[1.107,42.76],[1.117,42.745],[1.124,42.73],[1.134,42.716],[1.151,42.707],[1.163,42.706],[1.196,42.714],[1.319,42.713],[1.343,42.709],[1.338,42.694],[1.343,42.69],[1.353,42.69],[1.361,42.687],[1.379,42.663],[1.398,42.644],[1.415,42.609],[1.429,42.595],[1.425,42.589],[1.419,42.579],[1.418,42.57],[1.426,42.566],[1.426,42.562],[1.41,42.541],[1.406,42.529],[1.429,42.531],[1.447,42.52],[1.45,42.504],[1.43,42.494],[1.425,42.492],[1.408,42.487],[1.436,42.453],[1.436,42.441],[1.448,42.435],[1.508,42.429],[1.517,42.43],[1.528,42.434],[1.535,42.44],[1.539,42.446],[1.544,42.45],[1.607,42.456],[1.64,42.466],[1.65,42.493],[1.654,42.497],[1.657,42.498],[1.66,42.497],[1.662,42.494],[1.674,42.491],[1.686,42.491],[1.697,42.494],[1.707,42.503],[1.71,42.501],[1.712,42.499],[1.713,42.497],[1.712,42.494],[1.731,42.488],[1.793,42.482],[1.814,42.475],[1.87,42.447],[1.893,42.443],[1.912,42.442],[1.927,42.437],[1.941,42.42],[1.954,42.383],[1.964,42.367],[1.983,42.355],[1.996,42.349],[2.009,42.347],[2.035,42.349],[2.052,42.352],[2.063,42.358],[2.08,42.371],[2.104,42.385],[2.109,42.391],[2.116,42.405],[2.121,42.411],[2.137,42.416],[2.184,42.412],[2.246,42.426],[2.277,42.429],[2.305,42.417],[2.317,42.41],[2.375,42.389],[2.407,42.384],[2.423,42.384],[2.43,42.368],[2.446,42.352],[2.465,42.341],[2.483,42.337],[2.504,42.328],[2.515,42.326],[2.525,42.326],[2.532,42.331],[2.54,42.347],[2.548,42.352],[2.567,42.353],[2.613,42.341],[2.635,42.338],[2.662,42.339],[2.662,42.343],[2.649,42.354],[2.64,42.373],[2.648,42.381],[2.69,42.406],[2.708,42.413],[2.729,42.414],[2.768,42.41],[2.789,42.412],[2.805,42.42],[2.835,42.441],[2.851,42.448],[2.867,42.45],[2.884,42.449],[2.901,42.451],[2.934,42.47],[2.966,42.461],[2.983,42.469],[2.994,42.468],[3.023,42.467],[3.03,42.466],[3.036,42.455],[3.044,42.445],[3.054,42.438],[3.066,42.432],[3.086,42.427],[3.112,42.425],[3.138,42.426],[3.181,42.431],[3.179,42.418],[3.17,42.397],[3.174,42.381],[3.174,42.364],[3.187,42.35],[3.204,42.34],[3.226,42.343],[3.25,42.343],[3.263,42.329],[3.27,42.329],[3.281,42.337],[3.294,42.335],[3.318,42.323],[3.294,42.288],[3.29,42.278],[3.287,42.263],[3.279,42.256],[3.27,42.25],[3.263,42.24],[3.247,42.246],[3.21,42.24],[3.179,42.25],[3.17,42.26],[3.152,42.257],[3.13,42.24],[3.119,42.218],[3.117,42.183],[3.116,42.158],[3.122,42.14],[3.139,42.128],[3.173,42.112],[3.192,42.093],[3.214,42.068],[3.213,42.056],[3.2,42.046],[3.196,42.033],[3.202,42.017],[3.207,41.997],[3.208,41.99],[3.212,41.985],[3.231,41.973],[3.236,41.966],[3.232,41.946],[3.207,41.914],[3.195,41.888],[3.179,41.875],[3.15,41.845],[3.117,41.848],[3.079,41.827],[3.069,41.799],[3.04,41.787],[2.951,41.734],[2.933,41.712],[2.901,41.707],[2.877,41.702],[2.851,41.697],[2.84,41.695],[2.835,41.693],[2.82,41.682],[2.817,41.678],[2.813,41.67],[2.804,41.669],[2.792,41.669],[2.778,41.646],[2.652,41.605],[2.449,41.535],[2.429,41.519],[2.371,41.489],[2.297,41.465],[2.267,41.449],[2.24,41.421],[2.192,41.357],[2.163,41.327],[2.131,41.304],[2.06,41.275],[2.02,41.266],[1.951,41.261],[1.884,41.248],[1.864,41.238],[1.854,41.236],[1.82,41.237],[1.624,41.192],[1.539,41.187],[1.288,41.116],[1.218,41.105],[1.21,41.1],[1.192,41.076],[1.189,41.068],[1.184,41.063],[1.173,41.059],[1.149,41.07],[1.142,41.072],[1.098,41.071],[1.056,41.065],[1.017,41.052],[0.99,41.04],[0.877,40.955],[0.823,40.9],[0.714,40.815],[0.695,40.786],[0.722,40.774],[0.75,40.766],[0.762,40.766],[0.767,40.771],[0.764,40.778],[0.75,40.786],[0.767,40.785],[0.781,40.779],[0.792,40.771],[0.816,40.748],[0.842,40.732],[0.854,40.733],[0.874,40.728],[0.872,40.707],[0.858,40.686],[0.848,40.675],[0.784,40.661],[0.756,40.642],[0.707,40.583],[0.677,40.565],[0.648,40.557],[0.616,40.553],[0.592,40.582],[0.641,40.587],[0.663,40.575],[0.696,40.59],[0.733,40.634],[0.712,40.636],[0.682,40.634],[0.6,40.614],[0.58,40.604],[0.563,40.59],[0.549,40.572],[0.517,40.514],[0.501,40.484],[0.483,40.465],[0.466,40.451],[0.453,40.434],[0.446,40.408],[0.42,40.388],[0.351,40.285],[0.339,40.274],[0.312,40.258],[0.299,40.247],[0.265,40.21],[0.205,40.172],[0.145,40.079],[0.117,40.056],[0.066,40.032],[0.04,40.003],[-0.003,39.932],[-0.029,39.902],[-0.091,39.848],[-0.194,39.715],[-0.2,39.705],[-0.202,39.681],[-0.209,39.664],[-0.22,39.651],[-0.244,39.631],[-0.257,39.616],[-0.27,39.599],[-0.275,39.582],[-0.281,39.569],[-0.313,39.534],[-0.323,39.516],[-0.331,39.48],[-0.327,39.431],[-0.321,39.388],[-0.301,39.322],[-0.239,39.215],[-0.228,39.199],[-0.215,39.182],[-0.228,39.175],[-0.242,39.166],[-0.237,39.148],[-0.227,39.112],[-0.21,39.079],[-0.184,39.042],[-0.158,39.002],[-0.121,38.951],[-0.106,38.937],[-0.069,38.913],[-0.031,38.883],[-0.01,38.87],[0.017,38.864],[0.063,38.861],[0.111,38.85],[0.154,38.831],[0.185,38.804],[0.181,38.802],[0.171,38.796],[0.183,38.792],[0.191,38.785],[0.218,38.768],[0.228,38.77],[0.234,38.758],[0.235,38.742],[0.228,38.735],[0.209,38.734],[0.192,38.73],[0.177,38.724],[0.163,38.714],[0.151,38.692],[0.149,38.69],[0.145,38.686],[0.126,38.685],[0.119,38.683],[0.105,38.673],[0.094,38.668],[0.083,38.661],[0.073,38.645],[0.081,38.631],[0.06,38.635],[0.047,38.632],[0.033,38.627],[0.015,38.625],[-0.015,38.624],[-0.029,38.621],[-0.043,38.612],[-0.055,38.595],[-0.055,38.581],[-0.054,38.567],[-0.06,38.553],[-0.075,38.54],[-0.09,38.535],[-0.132,38.535],[-0.177,38.527],[-0.202,38.52],[-0.234,38.502],[-0.329,38.47],[-0.345,38.462],[-0.351,38.45],[-0.359,38.446],[-0.395,38.414],[-0.406,38.399],[-0.41,38.379],[-0.41,38.369],[-0.414,38.365],[-0.446,38.363],[-0.46,38.36],[-0.471,38.352],[-0.474,38.337],[-0.51,38.338],[-0.519,38.299],[-0.504,38.207],[-0.515,38.196],[-0.533,38.192],[-0.569,38.194],[-0.591,38.19],[-0.609,38.178],[-0.624,38.162],[-0.634,38.146],[-0.641,38.132],[-0.645,38.116],[-0.648,38.074],[-0.652,38.008],[-0.655,37.989],[-0.663,37.98],[-0.69,37.972],[-0.709,37.956],[-0.718,37.943],[-0.759,37.863],[-0.761,37.847],[-0.761,37.846],[-0.756,37.806],[-0.761,37.796],[-0.788,37.823],[-0.812,37.77],[-0.826,37.761],[-0.848,37.756],[-0.856,37.742],[-0.853,37.724],[-0.82,37.677],[-0.81,37.667],[-0.778,37.65],[-0.755,37.641],[-0.735,37.639],[-0.726,37.652],[-0.708,37.643],[-0.701,37.631],[-0.705,37.62],[-0.72,37.611],[-0.728,37.603],[-0.737,37.599],[-0.746,37.599],[-0.755,37.604],[-0.764,37.6],[-0.791,37.591],[-0.808,37.588],[-0.836,37.576],[-0.874,37.576],[-0.887,37.574],[-0.901,37.569],[-0.925,37.556],[-0.934,37.561],[-0.974,37.576],[-1.006,37.581],[-1.07,37.583],[-1.088,37.581],[-1.103,37.576],[-1.115,37.569],[-1.12,37.559],[-1.117,37.549],[-1.106,37.532],[-1.137,37.538],[-1.167,37.544],[-1.173,37.555],[-1.179,37.564],[-1.2,37.567],[-1.229,37.576],[-1.243,37.579],[-1.258,37.567],[-1.262,37.558],[-1.29,37.558],[-1.324,37.562],[-1.353,37.55],[-1.369,37.541],[-1.414,37.507],[-1.43,37.498],[-1.45,37.495],[-1.456,37.493],[-1.463,37.488],[-1.471,37.482],[-1.474,37.478],[-1.477,37.473],[-1.487,37.44],[-1.488,37.433],[-1.497,37.428],[-1.503,37.429],[-1.508,37.433],[-1.515,37.433],[-1.524,37.429],[-1.544,37.415],[-1.553,37.412],[-1.568,37.41],[-1.619,37.392],[-1.642,37.381],[-1.646,37.369],[-1.653,37.361],[-1.671,37.363],[-1.68,37.354],[-1.686,37.337],[-1.699,37.316],[-1.729,37.282],[-1.787,37.235],[-1.813,37.207],[-1.83,37.166],[-1.838,37.132],[-1.85,37.104],[-1.855,37.077],[-1.885,37.015],[-1.906,36.988],[-1.907,36.975],[-1.904,36.966],[-1.901,36.959],[-1.899,36.95],[-1.9,36.941],[-1.905,36.936],[-1.913,36.934],[-1.935,36.932],[-1.941,36.93],[-1.954,36.92],[-1.989,36.9],[-2.003,36.887],[-2.013,36.846],[-2.025,36.834],[-2.04,36.824],[-2.057,36.81],[-2.061,36.802],[-2.066,36.784],[-2.071,36.775],[-2.08,36.771],[-2.091,36.768],[-2.101,36.765],[-2.111,36.746],[-2.127,36.736],[-2.147,36.73],[-2.166,36.728],[-2.204,36.737],[-2.232,36.76],[-2.256,36.787],[-2.283,36.81],[-2.318,36.828],[-2.339,36.834],[-2.362,36.837],[-2.38,36.834],[-2.413,36.82],[-2.433,36.816],[-2.442,36.818],[-2.469,36.828],[-2.481,36.83],[-2.561,36.819],[-2.577,36.811],[-2.597,36.773],[-2.617,36.728],[-2.643,36.707],[-2.648,36.704],[-2.659,36.695],[-2.684,36.686],[-2.718,36.682],[-2.736,36.687],[-2.757,36.68],[-2.783,36.695],[-2.803,36.707],[-2.821,36.714],[-2.83,36.712],[-2.839,36.702],[-2.848,36.7],[-2.859,36.705],[-2.886,36.734],[-2.914,36.75],[-2.933,36.752],[-2.988,36.737],[-3.076,36.75],[-3.157,36.745],[-3.228,36.755],[-3.33,36.745],[-3.344,36.737],[-3.358,36.726],[-3.379,36.714],[-3.415,36.696],[-3.478,36.696],[-3.516,36.721],[-3.536,36.718],[-3.55,36.712],[-3.586,36.727],[-3.601,36.743],[-3.632,36.741],[-3.666,36.739],[-3.68,36.729],[-3.731,36.724],[-3.803,36.742],[-3.839,36.752],[-3.889,36.743],[-3.961,36.727],[-4.057,36.748],[-4.08,36.744],[-4.11,36.726],[-4.197,36.715],[-4.225,36.712],[-4.403,36.724],[-4.42,36.72],[-4.433,36.711],[-4.461,36.671],[-4.467,36.663],[-4.48,36.651],[-4.491,36.637],[-4.495,36.621],[-4.525,36.581],[-4.588,36.574],[-4.615,36.531],[-4.65,36.512],[-4.659,36.508],[-4.68,36.501],[-4.723,36.493],[-4.764,36.494],[-4.88,36.506],[-4.903,36.507],[-4.912,36.504],[-4.924,36.497],[-4.994,36.457],[-5.062,36.452],[-5.109,36.429],[-5.121,36.426],[-5.158,36.422],[-5.174,36.417],[-5.187,36.411],[-5.2,36.397],[-5.227,36.358],[-5.228,36.349],[-5.245,36.312],[-5.254,36.297],[-5.259,36.293],[-5.266,36.287],[-5.274,36.283],[-5.291,36.277],[-5.289,36.27],[-5.285,36.261],[-5.297,36.247],[-5.329,36.198],[-5.334,36.188],[-5.339,36.141],[-5.358,36.141],[-5.367,36.163],[-5.383,36.172],[-5.406,36.179],[-5.425,36.18],[-5.429,36.17],[-5.438,36.161],[-5.442,36.149],[-5.441,36.135],[-5.435,36.122],[-5.44,36.114],[-5.437,36.099],[-5.432,36.089],[-5.429,36.081],[-5.432,36.07],[-5.439,36.063],[-5.446,36.057],[-5.467,36.051],[-5.567,36.022],[-5.581,36.014],[-5.612,36.006],[-5.63,36.037],[-5.672,36.056],[-5.689,36.067],[-5.713,36.06],[-5.734,36.066],[-5.754,36.076],[-5.796,36.086],[-5.811,36.097],[-5.833,36.122],[-5.898,36.174],[-5.917,36.184],[-5.939,36.184],[-5.984,36.177],[-6.037,36.19],[-6.062,36.217],[-6.082,36.251],[-6.105,36.281],[-6.159,36.304],[-6.166,36.319],[-6.169,36.335],[-6.175,36.354],[-6.184,36.371],[-6.218,36.402],[-6.242,36.446],[-6.257,36.476],[-6.28,36.511],[-6.301,36.526],[-6.31,36.534],[-6.298,36.539],[-6.289,36.537],[-6.258,36.514],[-6.249,36.505],[-6.254,36.496],[-6.247,36.487],[-6.231,36.473],[-6.219,36.475],[-6.211,36.481],[-6.201,36.494],[-6.179,36.514],[-6.186,36.514],[-6.207,36.509],[-6.224,36.511],[-6.232,36.526],[-6.226,36.557],[-6.235,36.576],[-6.283,36.612],[-6.294,36.617],[-6.362,36.621],[-6.38,36.624],[-6.395,36.637],[-6.407,36.677],[-6.418,36.696],[-6.432,36.715],[-6.438,36.733],[-6.433,36.751],[-6.415,36.768],[-6.396,36.775],[-6.359,36.786],[-6.346,36.795],[-6.335,36.818],[-6.344,36.86],[-6.338,36.884],[-6.304,36.907],[-6.223,36.902],[-6.195,36.932],[-6.214,36.922],[-6.24,36.913],[-6.265,36.913],[-6.284,36.926],[-6.326,36.913],[-6.345,36.901],[-6.352,36.88],[-6.347,36.82],[-6.352,36.809],[-6.388,36.808],[-6.416,36.838],[-6.449,36.904],[-6.471,36.936],[-6.5,36.96],[-6.745,37.101],[-6.771,37.113],[-6.795,37.118],[-6.812,37.124],[-6.853,37.151],[-6.873,37.159],[-6.893,37.167],[-6.911,37.189],[-6.918,37.215],[-6.911,37.228],[-6.899,37.236],[-6.864,37.278],[-6.853,37.295],[-6.903,37.25],[-6.931,37.234],[-6.963,37.234],[-6.963,37.228],[-6.941,37.201],[-6.93,37.183],[-6.928,37.172],[-6.942,37.171],[-7.029,37.206],[-7.062,37.214],[-7.101,37.224],[-7.127,37.215],[-7.099,37.212],[-7.086,37.206],[-7.328,37.202],[-7.343,37.196],[-7.363,37.182],[-7.381,37.18],[-7.399,37.185],[-7.414,37.193],[-7.429,37.237],[-7.434,37.259],[-7.428,37.275],[-7.437,37.307],[-7.445,37.387],[-7.462,37.418],[-7.46,37.429],[-7.463,37.451],[-7.469,37.476],[-7.476,37.494],[-7.481,37.5],[-7.499,37.512],[-7.506,37.518],[-7.515,37.528],[-7.515,37.529],[-7.518,37.535],[-7.518,37.542],[-7.524,37.556],[-7.528,37.556],[-7.529,37.557],[-7.53,37.567],[-7.526,37.571],[-7.516,37.581],[-7.515,37.586],[-7.513,37.59],[-7.512,37.595],[-7.514,37.601],[-7.505,37.606],[-7.478,37.629],[-7.472,37.637],[-7.466,37.652],[-7.458,37.7],[-7.444,37.73],[-7.426,37.751],[-7.334,37.812],[-7.307,37.851],[-7.296,37.885],[-7.274,37.932],[-7.269,37.949],[-7.269,37.959],[-7.272,37.969],[-7.273,37.977],[-7.266,37.983],[-7.234,37.988],[-7.223,37.994],[-7.21,37.993],[-7.198,37.99],[-7.185,37.989],[-7.173,37.994],[-7.16,37.997],[-7.152,38.001],[-7.142,38.012],[-7.132,38.032],[-7.123,38.04],[-7.106,38.039],[-7.049,38.02],[-7.024,38.023],[-7.016,38.047],[-7.006,38.059],[-6.998,38.09],[-6.979,38.12],[-6.965,38.153],[-6.958,38.168],[-6.948,38.197],[-6.951,38.198],[-6.964,38.206],[-6.992,38.204],[-7.018,38.198],[-7.021,38.198],[-7.026,38.2],[-7.039,38.186],[-7.063,38.178],[-7.088,38.173],[-7.104,38.174],[-7.117,38.184],[-7.127,38.191],[-7.167,38.272],[-7.172,38.277],[-7.189,38.287],[-7.196,38.292],[-7.201,38.298],[-7.207,38.312],[-7.211,38.318],[-7.317,38.425],[-7.346,38.441],[-7.359,38.446],[-7.345,38.458],[-7.335,38.469],[-7.334,38.481],[-7.346,38.494],[-7.336,38.506],[-7.318,38.556],[-7.276,38.604],[-7.27,38.618],[-7.274,38.625],[-7.279,38.629],[-7.286,38.632],[-7.291,38.638],[-7.292,38.646],[-7.293,38.656],[-7.291,38.679],[-7.284,38.713],[-7.281,38.72],[-7.272,38.734],[-7.27,38.738],[-7.226,38.766],[-7.212,38.775],[-7.196,38.78],[-7.18,38.791],[-7.166,38.803],[-7.161,38.813],[-7.151,38.819],[-7.105,38.827],[-7.089,38.833],[-7.077,38.843],[-7.064,38.851],[-7.056,38.855],[-7.057,38.869],[-7.052,38.885],[-7.066,38.905],[-7.045,38.919],[-7.022,38.943],[-6.989,38.994],[-6.979,39.004],[-6.973,39.014],[-6.975,39.023],[-6.986,39.03],[-6.979,39.047],[-6.986,39.067],[-7.0,39.085],[-7.016,39.097],[-7.039,39.109],[-7.065,39.115],[-7.091,39.112],[-7.115,39.101],[-7.127,39.097],[-7.143,39.1],[-7.157,39.105],[-7.167,39.113],[-7.169,39.122],[-7.158,39.141],[-7.156,39.152],[-7.168,39.171],[-7.192,39.179],[-7.219,39.185],[-7.244,39.196],[-7.258,39.211],[-7.266,39.231],[-7.264,39.252],[-7.251,39.271],[-7.3,39.318],[-7.319,39.33],[-7.327,39.341],[-7.331,39.363],[-7.332,39.385],[-7.327,39.399],[-7.319,39.413],[-7.314,39.436],[-7.314,39.457],[-7.321,39.467],[-7.363,39.476],[-7.384,39.484],[-7.399,39.494],[-7.409,39.516],[-7.418,39.524],[-7.451,39.538],[-7.468,39.55],[-7.498,39.581],[-7.516,39.594],[-7.548,39.663],[-7.556,39.677],[-7.557,39.68],[-7.341,39.672],[-7.328,39.675],[-7.311,39.68],[-7.293,39.683],[-7.253,39.682],[-7.236,39.687],[-7.214,39.676],[-7.183,39.675],[-7.036,39.689],[-7.021,39.694],[-7.01,39.715],[-7.011,39.723],[-7.014,39.73],[-7.013,39.739],[-7.009,39.748],[-6.997,39.765],[-6.993,39.774],[-6.995,39.783],[-6.999,39.792],[-7.0,39.803],[-6.993,39.816],[-6.985,39.821],[-6.962,39.829],[-6.953,39.833],[-6.928,39.862],[-6.924,39.872],[-6.923,39.888],[-6.922,39.897],[-6.922,39.902],[-6.925,39.912],[-6.925,39.918],[-6.922,39.922],[-6.913,39.928],[-6.91,39.932],[-6.904,39.957],[-6.9,39.966],[-6.902,39.976],[-6.897,39.987],[-6.88,40.009],[-6.92,40.065],[-6.942,40.086],[-6.956,40.103],[-6.966,40.11],[-6.977,40.113],[-7.004,40.116],[-7.016,40.119],[-7.028,40.133],[-7.035,40.167],[-7.043,40.181],[-7.035,40.193],[-7.025,40.216],[-7.016,40.226],[-6.998,40.232],[-6.955,40.253],[-6.942,40.255],[-6.935,40.256],[-6.916,40.254],[-6.896,40.255],[-6.878,40.265],[-6.875,40.271],[-6.875,40.279],[-6.874,40.288],[-6.87,40.296],[-6.864,40.301],[-6.821,40.325],[-6.812,40.332],[-6.794,40.356],[-6.828,40.381],[-6.851,40.41],[-6.857,40.442],[-6.839,40.477],[-6.815,40.503],[-6.813,40.515],[-6.818,40.532],[-6.829,40.546],[-6.84,40.555],[-6.848,40.565],[-6.85,40.582],[-6.844,40.598],[-6.821,40.63],[-6.814,40.647],[-6.814,40.659],[-6.816,40.677],[-6.824,40.711],[-6.837,40.743],[-6.839,40.758],[-6.839,40.777],[-6.837,40.787],[-6.835,40.792],[-6.834,40.798],[-6.837,40.808],[-6.838,40.815],[-6.837,40.84],[-6.82,40.844],[-6.816,40.857],[-6.821,40.87],[-6.832,40.876],[-6.847,40.879],[-6.855,40.887],[-6.864,40.908],[-6.885,40.949],[-6.899,40.967],[-6.931,40.992],[-6.94,41.003],[-6.942,41.016],[-6.932,41.029],[-6.928,41.048],[-6.927,41.048],[-6.907,41.056],[-6.845,41.052],[-6.818,41.054],[-6.804,41.064],[-6.765,41.109],[-6.757,41.127],[-6.759,41.152],[-6.755,41.159],[-6.742,41.171],[-6.707,41.194],[-6.701,41.202],[-6.694,41.217],[-6.658,41.258],[-6.647,41.268],[-6.629,41.27],[-6.563,41.271],[-6.554,41.276],[-6.496,41.295],[-6.463,41.314],[-6.431,41.339],[-6.4,41.377],[-6.395,41.378],[-6.383,41.377],[-6.379,41.377],[-6.377,41.383],[-6.376,41.391],[-6.376,41.397],[-6.379,41.397],[-6.366,41.405],[-6.352,41.409],[-6.321,41.411],[-6.321,41.42],[-6.283,41.466],[-6.282,41.472],[-6.285,41.479],[-6.286,41.487],[-6.28,41.497],[-6.254,41.518],[-6.206,41.57],[-6.216,41.58],[-6.23,41.595],[-6.272,41.628],[-6.317,41.65],[-6.366,41.664],[-6.447,41.676],[-6.461,41.677],[-6.468,41.672],[-6.474,41.666],[-6.488,41.659],[-6.503,41.653],[-6.513,41.651],[-6.542,41.659],[-6.555,41.675],[-6.56,41.694],[-6.563,41.713],[-6.568,41.722],[-6.574,41.731],[-6.577,41.74],[-6.572,41.749],[-6.564,41.758],[-6.56,41.767],[-6.536,41.849],[-6.524,41.867],[-6.55,41.874],[-6.568,41.876],[-6.576,41.883],[-6.568,41.926],[-6.572,41.943],[-6.585,41.955],[-6.609,41.962],[-6.623,41.941],[-6.657,41.933],[-6.728,41.931],[-6.758,41.938],[-6.794,41.98],[-6.825,41.984],[-6.831,41.954],[-6.855,41.943],[-6.917,41.939],[-6.945,41.943],[-6.97,41.958],[-6.983,41.963],[-6.992,41.966],[-7.016,41.954],[-7.051,41.942],[-7.083,41.953],[-7.113,41.972],[-7.145,41.987],[-7.16,41.986],[-7.177,41.978],[-7.193,41.97],[-7.2,41.964],[-7.202,41.95],[-7.196,41.917],[-7.198,41.901],[-7.209,41.889],[-7.219,41.879],[-7.251,41.864],[-7.322,41.845],[-7.341,41.843],[-7.377,41.844],[-7.392,41.842],[-7.405,41.835],[-7.43,41.815],[-7.443,41.806],[-7.447,41.822],[-7.457,41.839],[-7.469,41.853],[-7.483,41.856],[-7.493,41.857],[-7.508,41.865],[-7.516,41.865],[-7.523,41.86],[-7.525,41.854],[-7.526,41.847],[-7.532,41.84],[-7.547,41.832],[-7.567,41.827],[-7.588,41.824],[-7.606,41.826],[-7.622,41.832],[-7.623,41.842],[-7.607,41.873],[-7.661,41.875],[-7.679,41.881],[-7.706,41.896],[-7.722,41.899],[-7.75,41.888],[-7.812,41.877],[-7.839,41.878],[-7.85,41.876],[-7.854,41.87],[-7.858,41.864],[-7.865,41.858],[-7.897,41.858],[-7.903,41.887],[-7.906,41.914],[-7.926,41.908],[-7.93,41.897],[-7.935,41.88],[-7.945,41.867],[-7.963,41.867],[-7.979,41.869],[-7.994,41.864],[-8.006,41.854],[-8.016,41.842],[-8.049,41.816],[-8.05,41.816],[-8.093,41.807],[-8.18,41.811],[-8.179,41.813],[-8.175,41.837],[-8.177,41.85],[-8.185,41.858],[-8.22,41.868],[-8.232,41.886],[-8.23,41.905],[-8.221,41.923],[-8.182,41.965],[-8.153,41.987],[-8.124,42.001],[-8.108,42.011],[-8.097,42.023],[-8.095,42.041],[-8.103,42.056],[-8.118,42.067],[-8.138,42.073],[-8.158,42.071],[-8.176,42.065],[-8.191,42.062],[-8.204,42.07],[-8.207,42.086],[-8.204,42.129],[-8.213,42.144],[-8.222,42.154],[-8.252,42.138],[-8.271,42.132],[-8.288,42.131],[-8.295,42.13],[-8.304,42.126],[-8.33,42.108],[-8.347,42.102],[-8.501,42.083],[-8.52,42.078],[-8.554,42.06],[-8.573,42.054],[-8.609,42.054],[-8.627,42.051],[-8.644,42.041],[-8.653,42.031],[-8.663,42.01],[-8.671,42.0],[-8.691,41.99],[-8.717,41.984],[-8.74,41.975],[-8.751,41.969],[-8.762,41.953],[-8.777,41.937],[-8.795,41.926],[-8.816,41.921],[-8.833,41.914],[-8.849,41.899],[-8.865,41.889],[-8.881,41.893],[-8.879,41.907],[-8.899,42.102],[-8.895,42.119],[-8.885,42.126],[-8.845,42.127],[-8.827,42.131],[-8.819,42.14],[-8.824,42.148],[-8.843,42.154],[-8.847,42.161],[-8.842,42.164],[-8.816,42.175],[-8.813,42.179],[-8.811,42.188],[-8.806,42.197],[-8.795,42.202],[-8.791,42.205],[-8.772,42.222],[-8.72,42.252],[-8.706,42.256],[-8.702,42.259],[-8.67,42.281],[-8.652,42.286],[-8.632,42.297],[-8.625,42.302],[-8.622,42.31],[-8.622,42.341],[-8.623,42.347],[-8.626,42.348],[-8.635,42.346],[-8.65,42.336],[-8.661,42.317],[-8.675,42.299],[-8.7,42.291],[-8.72,42.288],[-8.774,42.269],[-8.785,42.26],[-8.796,42.258],[-8.848,42.261],[-8.868,42.256],[-8.864,42.269],[-8.853,42.291],[-8.853,42.305],[-8.847,42.305],[-8.833,42.289],[-8.827,42.297],[-8.827,42.329],[-8.829,42.337],[-8.831,42.342],[-8.827,42.344],[-8.813,42.346],[-8.777,42.34],[-8.772,42.343],[-8.765,42.356],[-8.727,42.389],[-8.71,42.4],[-8.677,42.416],[-8.663,42.427],[-8.655,42.441],[-8.664,42.438],[-8.673,42.438],[-8.683,42.441],[-8.691,42.441],[-8.694,42.44],[-8.697,42.438],[-8.719,42.428],[-8.744,42.413],[-8.758,42.407],[-8.779,42.403],[-8.811,42.401],[-8.844,42.404],[-8.868,42.415],[-8.876,42.426],[-8.88,42.445],[-8.888,42.456],[-8.901,42.461],[-8.935,42.465],[-8.943,42.469],[-8.935,42.479],[-8.917,42.488],[-8.896,42.494],[-8.881,42.497],[-8.869,42.493],[-8.861,42.485],[-8.861,42.476],[-8.874,42.469],[-8.866,42.465],[-8.852,42.461],[-8.837,42.459],[-8.827,42.462],[-8.822,42.472],[-8.825,42.484],[-8.825,42.495],[-8.813,42.503],[-8.825,42.537],[-8.827,42.555],[-8.823,42.57],[-8.814,42.581],[-8.802,42.589],[-8.788,42.592],[-8.776,42.605],[-8.739,42.666],[-8.731,42.688],[-8.737,42.688],[-8.744,42.672],[-8.754,42.657],[-8.767,42.645],[-8.785,42.641],[-8.804,42.646],[-8.816,42.659],[-8.826,42.674],[-8.84,42.682],[-8.855,42.662],[-8.857,42.649],[-8.847,42.641],[-8.869,42.617],[-8.881,42.612],[-8.895,42.62],[-8.889,42.631],[-8.903,42.625],[-8.936,42.606],[-8.922,42.594],[-8.934,42.587],[-8.97,42.579],[-8.973,42.574],[-8.981,42.551],[-8.989,42.549],[-8.997,42.543],[-9.012,42.531],[-9.026,42.543],[-9.029,42.561],[-9.033,42.578],[-9.056,42.585],[-9.071,42.596],[-9.066,42.62],[-9.051,42.646],[-9.039,42.661],[-9.039,42.673],[-9.036,42.688],[-9.03,42.708],[-9.019,42.72],[-9.014,42.727],[-9.006,42.734],[-8.994,42.737],[-8.992,42.739],[-8.963,42.751],[-8.937,42.778],[-8.922,42.788],[-8.898,42.792],[-8.891,42.799],[-8.885,42.815],[-8.888,42.831],[-8.908,42.839],[-8.913,42.817],[-8.928,42.803],[-8.951,42.795],[-8.977,42.792],[-9.028,42.798],[-9.049,42.795],[-9.046,42.778],[-9.069,42.76],[-9.081,42.755],[-9.1,42.758],[-9.113,42.766],[-9.12,42.779],[-9.125,42.795],[-9.135,42.813],[-9.123,42.813],[-9.113,42.816],[-9.106,42.823],[-9.1,42.833],[-9.108,42.845],[-9.122,42.852],[-9.141,42.857],[-9.142,42.865],[-9.148,42.879],[-9.149,42.884],[-9.147,42.888],[-9.138,42.896],[-9.135,42.902],[-9.134,42.911],[-9.135,42.918],[-9.141,42.921],[-9.159,42.923],[-9.168,42.927],[-9.183,42.945],[-9.196,42.949],[-9.196,42.943],[-9.19,42.932],[-9.196,42.927],[-9.205,42.925],[-9.21,42.926],[-9.214,42.939],[-9.224,42.94],[-9.236,42.935],[-9.244,42.929],[-9.252,42.92],[-9.262,42.9],[-9.268,42.891],[-9.273,42.893],[-9.283,42.917],[-9.292,42.923],[-9.292,42.929],[-9.285,42.938],[-9.265,42.98],[-9.264,42.987],[-9.262,42.994],[-9.259,43.002],[-9.255,43.008],[-9.251,43.017],[-9.257,43.023],[-9.272,43.031],[-9.28,43.055],[-9.271,43.06],[-9.258,43.061],[-9.251,43.07],[-9.246,43.088],[-9.234,43.097],[-9.222,43.103],[-9.218,43.114],[-9.203,43.105],[-9.19,43.102],[-9.177,43.106],[-9.162,43.114],[-9.157,43.12],[-9.154,43.125],[-9.15,43.13],[-9.141,43.135],[-9.133,43.138],[-9.126,43.14],[-9.108,43.141],[-9.108,43.149],[-9.125,43.143],[-9.147,43.139],[-9.163,43.14],[-9.162,43.149],[-9.194,43.137],[-9.208,43.138],[-9.218,43.155],[-9.17,43.189],[-9.138,43.202],[-9.1,43.19],[-9.083,43.19],[-9.065,43.192],[-9.052,43.196],[-9.04,43.205],[-9.027,43.21],[-9.017,43.224],[-9.012,43.239],[-9.004,43.239],[-8.986,43.227],[-8.959,43.227],[-8.933,43.235],[-8.915,43.245],[-8.936,43.244],[-8.948,43.25],[-8.963,43.272],[-8.968,43.272],[-8.98,43.277],[-8.988,43.283],[-8.981,43.286],[-8.971,43.287],[-8.93,43.3],[-8.888,43.321],[-8.857,43.327],[-8.849,43.334],[-8.841,43.339],[-8.83,43.341],[-8.817,43.336],[-8.786,43.312],[-8.769,43.307],[-8.75,43.305],[-8.712,43.296],[-8.693,43.293],[-8.665,43.301],[-8.63,43.316],[-8.593,43.324],[-8.558,43.313],[-8.506,43.332],[-8.498,43.338],[-8.494,43.347],[-8.486,43.354],[-8.476,43.36],[-8.456,43.363],[-8.451,43.367],[-8.449,43.372],[-8.443,43.375],[-8.388,43.386],[-8.385,43.373],[-8.376,43.363],[-8.354,43.349],[-8.341,43.36],[-8.337,43.369],[-8.34,43.393],[-8.331,43.406],[-8.311,43.403],[-8.282,43.39],[-8.267,43.386],[-8.261,43.377],[-8.257,43.366],[-8.251,43.355],[-8.228,43.338],[-8.217,43.328],[-8.21,43.313],[-8.202,43.329],[-8.203,43.345],[-8.21,43.375],[-8.21,43.391],[-8.205,43.4],[-8.194,43.407],[-8.175,43.416],[-8.195,43.423],[-8.213,43.425],[-8.247,43.423],[-8.265,43.427],[-8.289,43.446],[-8.305,43.451],[-8.286,43.462],[-8.186,43.472],[-8.179,43.473],[-8.171,43.478],[-8.167,43.485],[-8.169,43.492],[-8.173,43.493],[-8.197,43.485],[-8.257,43.478],[-8.254,43.481],[-8.251,43.483],[-8.244,43.485],[-8.248,43.488],[-8.257,43.492],[-8.269,43.479],[-8.289,43.473],[-8.333,43.472],[-8.325,43.487],[-8.322,43.508],[-8.317,43.523],[-8.305,43.519],[-8.292,43.533],[-8.3,43.538],[-8.308,43.546],[-8.313,43.556],[-8.313,43.567],[-8.309,43.567],[-8.291,43.565],[-8.285,43.567],[-8.261,43.565],[-8.232,43.576],[-8.087,43.656],[-8.083,43.645],[-8.075,43.64],[-8.064,43.639],[-8.052,43.643],[-8.062,43.642],[-8.066,43.643],[-8.066,43.649],[-8.061,43.651],[-8.056,43.654],[-8.052,43.656],[-8.071,43.668],[-8.074,43.679],[-8.069,43.689],[-8.066,43.701],[-8.059,43.709],[-8.045,43.712],[-8.011,43.712],[-7.981,43.718],[-7.953,43.73],[-7.928,43.747],[-7.909,43.766],[-7.881,43.763],[-7.869,43.749],[-7.861,43.731],[-7.847,43.718],[-7.847,43.712],[-7.852,43.714],[-7.862,43.716],[-7.868,43.718],[-7.875,43.709],[-7.879,43.701],[-7.88,43.692],[-7.874,43.684],[-7.884,43.679],[-7.887,43.68],[-7.895,43.684],[-7.901,43.68],[-7.904,43.678],[-7.909,43.677],[-7.909,43.67],[-7.858,43.668],[-7.849,43.676],[-7.868,43.697],[-7.856,43.703],[-7.844,43.704],[-7.819,43.697],[-7.821,43.701],[-7.824,43.708],[-7.826,43.712],[-7.812,43.723],[-7.794,43.734],[-7.774,43.743],[-7.734,43.75],[-7.713,43.761],[-7.696,43.775],[-7.689,43.79],[-7.686,43.793],[-7.678,43.79],[-7.671,43.783],[-7.668,43.773],[-7.673,43.767],[-7.696,43.746],[-7.696,43.732],[-7.692,43.727],[-7.684,43.729],[-7.675,43.732],[-7.674,43.734],[-7.674,43.739],[-7.672,43.744],[-7.665,43.746],[-7.658,43.747],[-7.641,43.753],[-7.638,43.739],[-7.613,43.704],[-7.616,43.689],[-7.607,43.691],[-7.595,43.704],[-7.586,43.718],[-7.574,43.715],[-7.565,43.72],[-7.556,43.728],[-7.541,43.732],[-7.502,43.728],[-7.49,43.725],[-7.408,43.691],[-7.367,43.68],[-7.304,43.599],[-7.257,43.582],[-7.26,43.578],[-7.262,43.574],[-7.265,43.571],[-7.271,43.569],[-7.271,43.561],[-7.258,43.557],[-7.25,43.559],[-7.242,43.565],[-7.23,43.569],[-7.215,43.569],[-7.195,43.564],[-7.157,43.559],[-7.096,43.561],[-7.079,43.569],[-7.062,43.562],[-7.044,43.559],[-7.032,43.553],[-7.031,43.533],[-7.038,43.522],[-7.048,43.51],[-7.054,43.497],[-7.045,43.479],[-7.044,43.479],[-7.038,43.479],[-7.033,43.495],[-7.03,43.512],[-7.024,43.526],[-7.01,43.533],[-7.001,43.557],[-6.944,43.566],[-6.846,43.569],[-6.831,43.565],[-6.771,43.569],[-6.73,43.56],[-6.704,43.558],[-6.649,43.579],[-6.598,43.575],[-6.547,43.562],[-6.51,43.547],[-6.5,43.553],[-6.488,43.555],[-6.463,43.555],[-6.465,43.56],[-6.467,43.571],[-6.469,43.575],[-6.455,43.573],[-6.432,43.563],[-6.418,43.561],[-6.366,43.569],[-6.315,43.569],[-6.3,43.571],[-6.274,43.58],[-6.25,43.584],[-6.244,43.589],[-6.236,43.594],[-6.223,43.596],[-6.191,43.579],[-6.178,43.575],[-6.1,43.569],[-6.085,43.575],[-6.069,43.57],[-6.054,43.575],[-6.039,43.583],[-6.024,43.588],[-5.907,43.588],[-5.902,43.598],[-5.909,43.605],[-5.913,43.613],[-5.901,43.623],[-5.903,43.626],[-5.905,43.634],[-5.907,43.637],[-5.875,43.637],[-5.864,43.641],[-5.859,43.654],[-5.852,43.663],[-5.836,43.662],[-5.804,43.65],[-5.782,43.637],[-5.727,43.59],[-5.709,43.569],[-5.702,43.569],[-5.697,43.583],[-5.689,43.579],[-5.677,43.561],[-5.626,43.555],[-5.424,43.561],[-5.394,43.555],[-5.391,43.541],[-5.404,43.525],[-5.421,43.513],[-5.414,43.507],[-5.404,43.511],[-5.383,43.516],[-5.372,43.52],[-5.365,43.527],[-5.362,43.533],[-5.357,43.539],[-5.342,43.541],[-5.3,43.538],[-5.284,43.533],[-5.212,43.498],[-5.178,43.489],[-5.092,43.486],[-5.068,43.481],[-5.057,43.469],[-5.045,43.474],[-4.975,43.459],[-4.967,43.461],[-4.953,43.47],[-4.941,43.472],[-4.93,43.47],[-4.908,43.461],[-4.837,43.45],[-4.755,43.422],[-4.735,43.417],[-4.512,43.403],[-4.508,43.402],[-4.482,43.384],[-4.461,43.399],[-4.433,43.403],[-4.405,43.397],[-4.386,43.384],[-4.379,43.384],[-4.369,43.396],[-4.359,43.4],[-4.313,43.396],[-4.189,43.405],[-4.161,43.421],[-4.098,43.436],[-4.074,43.438],[-4.029,43.438],[-4.023,43.441],[-4.023,43.446],[-4.021,43.45],[-4.013,43.453],[-4.006,43.451],[-3.981,43.438],[-3.976,43.443],[-3.972,43.444],[-3.967,43.444],[-3.961,43.445],[-3.965,43.447],[-3.975,43.453],[-3.975,43.459],[-3.94,43.477],[-3.923,43.483],[-3.906,43.479],[-3.894,43.485],[-3.891,43.484],[-3.886,43.479],[-3.857,43.492],[-3.827,43.497],[-3.797,43.493],[-3.769,43.479],[-3.813,43.465],[-3.831,43.456],[-3.844,43.445],[-3.834,43.436],[-3.829,43.433],[-3.824,43.431],[-3.827,43.43],[-3.83,43.43],[-3.832,43.429],[-3.831,43.425],[-3.82,43.424],[-3.811,43.425],[-3.796,43.431],[-3.79,43.436],[-3.776,43.45],[-3.772,43.453],[-3.763,43.45],[-3.754,43.44],[-3.745,43.438],[-3.741,43.442],[-3.743,43.451],[-3.749,43.461],[-3.756,43.466],[-3.756,43.472],[-3.742,43.47],[-3.736,43.469],[-3.729,43.466],[-3.727,43.471],[-3.726,43.471],[-3.721,43.472],[-3.729,43.479],[-3.718,43.483],[-3.688,43.484],[-3.677,43.489],[-3.667,43.497],[-3.656,43.501],[-3.579,43.518],[-3.554,43.517],[-3.556,43.5],[-3.539,43.499],[-3.526,43.492],[-3.515,43.483],[-3.505,43.479],[-3.437,43.47],[-3.432,43.467],[-3.428,43.462],[-3.427,43.456],[-3.429,43.447],[-3.433,43.445],[-3.439,43.447],[-3.447,43.445],[-3.451,43.448],[-3.461,43.452],[-3.47,43.454],[-3.474,43.449],[-3.478,43.443],[-3.486,43.438],[-3.502,43.431],[-3.482,43.428],[-3.47,43.417],[-3.461,43.412],[-3.447,43.431],[-3.436,43.419],[-3.422,43.418],[-3.392,43.425],[-3.378,43.423],[-3.33,43.41],[-3.269,43.404],[-3.224,43.392],[-3.211,43.39],[-3.2,43.386],[-3.177,43.366],[-3.151,43.36],[-3.131,43.356],[-3.112,43.354],[-3.09,43.367],[-3.058,43.352],[-3.008,43.321],[-3.008,43.328],[-3.02,43.353],[-3.023,43.365],[-3.029,43.372],[-3.029,43.376],[-3.024,43.381],[-3.011,43.384],[-2.999,43.394],[-2.956,43.414],[-2.94,43.417],[-2.94,43.425],[-2.947,43.425],[-2.947,43.431],[-2.93,43.438],[-2.905,43.44],[-2.854,43.438],[-2.807,43.442],[-2.786,43.448],[-2.769,43.453],[-2.756,43.45],[-2.735,43.439],[-2.715,43.425],[-2.707,43.414],[-2.695,43.389],[-2.691,43.368],[-2.687,43.371],[-2.679,43.39],[-2.678,43.395],[-2.679,43.401],[-2.678,43.406],[-2.673,43.41],[-2.661,43.412],[-2.649,43.41],[-2.638,43.406],[-2.607,43.402],[-2.549,43.384],[-2.506,43.377],[-2.484,43.371],[-2.464,43.349],[-2.367,43.316],[-2.327,43.307],[-2.285,43.303],[-2.241,43.307],[-2.208,43.314],[-2.196,43.315],[-2.19,43.312],[-2.183,43.305],[-2.174,43.297],[-2.162,43.294],[-2.16,43.295],[-2.156,43.298],[-2.152,43.3],[-2.145,43.301],[-2.14,43.299],[-2.138,43.294],[-2.135,43.29],[-2.128,43.287],[-2.099,43.304],[-2.086,43.307],[-2.066,43.31],[-1.995,43.328],[-1.972,43.339],[-1.96,43.343],[-1.946,43.343],[-1.934,43.336],[-1.927,43.326],[-1.919,43.321],[-1.905,43.328],[-1.91,43.331],[-1.919,43.339],[-1.926,43.343],[-1.885,43.356],[-1.847,43.381],[-1.811,43.395],[-1.794,43.386]]],[[[1.983,42.441],[1.961,42.444],[1.948,42.451],[1.946,42.464],[1.957,42.482],[1.968,42.486],[1.978,42.475],[1.988,42.458],[1.999,42.444],[1.996,42.443],[1.986,42.441],[1.983,42.441]]],[[[-17.934,27.852],[-17.914,27.85],[-17.896,27.84],[-17.884,27.828],[-17.879,27.815],[-17.885,27.798],[-17.926,27.743],[-17.928,27.737],[-17.927,27.73],[-17.927,27.724],[-17.93,27.719],[-17.935,27.716],[-17.941,27.714],[-17.945,27.711],[-17.947,27.705],[-17.95,27.7],[-17.958,27.694],[-17.965,27.687],[-17.969,27.678],[-17.971,27.654],[-17.979,27.643],[-17.994,27.642],[-18.016,27.653],[-18.031,27.668],[-18.04,27.681],[-18.053,27.691],[-18.127,27.7],[-18.147,27.709],[-18.16,27.722],[-18.167,27.758],[-18.14,27.769],[-18.098,27.765],[-18.057,27.756],[-18.042,27.765],[-18.003,27.799],[-17.995,27.808],[-17.994,27.819],[-17.99,27.824],[-17.969,27.832],[-17.934,27.852]]],[[[-15.392,28.03],[-15.383,28.024],[-15.368,28.016],[-15.364,28.01],[-15.366,27.993],[-15.374,27.975],[-15.377,27.958],[-15.364,27.941],[-15.364,27.935],[-15.375,27.93],[-15.382,27.921],[-15.392,27.9],[-15.383,27.885],[-15.376,27.868],[-15.378,27.852],[-15.395,27.846],[-15.407,27.838],[-15.439,27.803],[-15.453,27.791],[-15.523,27.772],[-15.535,27.766],[-15.54,27.766],[-15.566,27.739],[-15.578,27.734],[-15.588,27.739],[-15.598,27.746],[-15.607,27.75],[-15.651,27.753],[-15.67,27.757],[-15.686,27.763],[-15.74,27.804],[-15.748,27.815],[-15.752,27.821],[-15.773,27.832],[-15.782,27.838],[-15.786,27.844],[-15.815,27.901],[-15.821,27.922],[-15.816,27.941],[-15.82,27.953],[-15.822,27.968],[-15.821,27.984],[-15.816,27.996],[-15.807,28.005],[-15.768,28.024],[-15.75,28.036],[-15.725,28.057],[-15.708,28.082],[-15.714,28.106],[-15.702,28.115],[-15.698,28.133],[-15.7,28.153],[-15.706,28.167],[-15.695,28.168],[-15.684,28.168],[-15.674,28.165],[-15.665,28.161],[-15.651,28.164],[-15.597,28.148],[-15.521,28.148],[-15.459,28.134],[-15.435,28.141],[-15.439,28.175],[-15.409,28.18],[-15.405,28.178],[-15.4,28.165],[-15.4,28.157],[-15.409,28.154],[-15.416,28.142],[-15.415,28.114],[-15.409,28.075],[-15.406,28.068],[-15.404,28.056],[-15.4,28.043],[-15.392,28.03]]],[[[-17.31,28.207],[-17.259,28.218],[-17.213,28.205],[-17.17,28.181],[-17.116,28.146],[-17.104,28.123],[-17.098,28.101],[-17.114,28.081],[-17.134,28.07],[-17.163,28.045],[-17.185,28.032],[-17.207,28.027],[-17.233,28.019],[-17.258,28.025],[-17.31,28.053],[-17.343,28.098],[-17.343,28.133],[-17.339,28.171],[-17.31,28.207]]],[[[-16.428,28.15],[-16.441,28.133],[-16.457,28.115],[-16.522,28.058],[-16.536,28.036],[-16.546,28.024],[-16.58,28.03],[-16.634,28.012],[-16.657,28.004],[-16.676,27.997],[-16.693,28.0],[-16.704,28.014],[-16.706,28.023],[-16.704,28.035],[-16.713,28.038],[-16.721,28.045],[-16.724,28.053],[-16.726,28.071],[-16.728,28.079],[-16.742,28.094],[-16.781,28.128],[-16.789,28.144],[-16.795,28.165],[-16.811,28.182],[-16.827,28.196],[-16.837,28.209],[-16.844,28.253],[-16.847,28.263],[-16.861,28.282],[-16.873,28.305],[-16.907,28.335],[-16.916,28.355],[-16.892,28.369],[-16.837,28.391],[-16.818,28.384],[-16.794,28.369],[-16.783,28.366],[-16.77,28.366],[-16.742,28.373],[-16.72,28.383],[-16.687,28.393],[-16.664,28.401],[-16.644,28.396],[-16.604,28.4],[-16.585,28.401],[-16.564,28.415],[-16.539,28.418],[-16.528,28.422],[-16.507,28.424],[-16.487,28.438],[-16.44,28.475],[-16.42,28.491],[-16.414,28.499],[-16.412,28.514],[-16.408,28.52],[-16.389,28.529],[-16.381,28.534],[-16.363,28.543],[-16.341,28.547],[-16.323,28.553],[-16.316,28.572],[-16.3,28.567],[-16.203,28.564],[-16.141,28.583],[-16.118,28.572],[-16.127,28.544],[-16.157,28.524],[-16.231,28.488],[-16.248,28.461],[-16.269,28.443],[-16.296,28.418],[-16.324,28.397],[-16.342,28.391],[-16.356,28.381],[-16.366,28.362],[-16.366,28.341],[-16.361,28.325],[-16.358,28.315],[-16.361,28.304],[-16.371,28.297],[-16.38,28.288],[-16.387,28.265],[-16.419,28.211],[-16.428,28.168],[-16.428,28.15]]],[[[-13.973,28.736],[-13.935,28.749],[-13.899,28.754],[-13.865,28.744],[-13.836,28.715],[-13.824,28.682],[-13.821,28.637],[-13.829,28.552],[-13.835,28.531],[-13.853,28.493],[-13.857,28.479],[-13.858,28.446],[-13.857,28.435],[-13.854,28.428],[-13.844,28.414],[-13.843,28.407],[-13.848,28.397],[-13.866,28.383],[-13.87,28.377],[-13.87,28.368],[-13.872,28.358],[-13.875,28.349],[-13.892,28.328],[-13.9,28.311],[-13.911,28.277],[-13.934,28.244],[-13.967,28.228],[-14.073,28.213],[-14.119,28.201],[-14.152,28.18],[-14.192,28.171],[-14.212,28.161],[-14.245,28.129],[-14.271,28.096],[-14.301,28.068],[-14.343,28.051],[-14.369,28.051],[-14.408,28.067],[-14.429,28.071],[-14.495,28.068],[-14.507,28.071],[-14.503,28.075],[-14.499,28.087],[-14.496,28.099],[-14.497,28.103],[-14.49,28.104],[-14.456,28.099],[-14.436,28.101],[-14.399,28.111],[-14.341,28.135],[-14.27,28.176],[-14.24,28.202],[-14.224,28.219],[-14.214,28.235],[-14.207,28.254],[-14.202,28.304],[-14.193,28.322],[-14.171,28.352],[-14.146,28.423],[-14.141,28.435],[-14.128,28.444],[-14.098,28.487],[-14.076,28.536],[-14.036,28.587],[-14.025,28.637],[-14.01,28.667],[-14.005,28.704],[-14.0,28.717],[-13.989,28.727],[-13.973,28.736]]],[[[-17.756,28.819],[-17.758,28.799],[-17.751,28.775],[-17.741,28.758],[-17.722,28.749],[-17.721,28.731],[-17.751,28.7],[-17.765,28.678],[-17.758,28.658],[-17.746,28.622],[-17.754,28.603],[-17.76,28.577],[-17.783,28.549],[-17.803,28.509],[-17.822,28.476],[-17.831,28.455],[-17.837,28.455],[-17.843,28.465],[-17.865,28.475],[-17.872,28.494],[-17.88,28.544],[-17.891,28.556],[-17.899,28.572],[-17.919,28.596],[-17.925,28.618],[-17.963,28.671],[-17.967,28.697],[-17.971,28.713],[-17.976,28.728],[-17.992,28.739],[-18.002,28.75],[-17.997,28.78],[-17.971,28.813],[-17.936,28.84],[-17.911,28.856],[-17.891,28.844],[-17.866,28.841],[-17.842,28.835],[-17.801,28.849],[-17.781,28.842],[-17.765,28.829],[-17.756,28.819]]],[[[-13.483,29.24],[-13.465,29.243],[-13.447,29.233],[-13.418,29.209],[-13.428,29.189],[-13.432,29.172],[-13.439,29.159],[-13.459,29.147],[-13.462,29.132],[-13.459,29.119],[-13.454,29.104],[-13.452,29.086],[-13.454,29.079],[-13.462,29.066],[-13.466,29.058],[-13.466,29.05],[-13.465,29.032],[-13.466,29.024],[-13.482,28.999],[-13.51,28.977],[-13.543,28.962],[-13.59,28.951],[-13.6,28.942],[-13.608,28.933],[-13.62,28.928],[-13.635,28.927],[-13.658,28.923],[-13.674,28.922],[-13.709,28.915],[-13.736,28.896],[-13.757,28.87],[-13.775,28.84],[-13.781,28.84],[-13.791,28.853],[-13.812,28.859],[-13.86,28.859],[-13.867,28.865],[-13.874,28.877],[-13.876,28.889],[-13.873,28.894],[-13.862,28.897],[-13.853,28.905],[-13.843,28.922],[-13.839,28.938],[-13.835,28.987],[-13.832,29.0],[-13.798,29.048],[-13.781,29.065],[-13.767,29.074],[-13.751,29.081],[-13.731,29.085],[-13.709,29.086],[-13.69,29.091],[-13.656,29.116],[-13.637,29.127],[-13.618,29.132],[-13.602,29.134],[-13.551,29.134],[-13.537,29.138],[-13.526,29.15],[-13.514,29.175],[-13.503,29.208],[-13.495,29.225],[-13.483,29.24]]],[[[-13.487,29.285],[-13.478,29.266],[-13.492,29.243],[-13.517,29.226],[-13.541,29.229],[-13.541,29.237],[-13.526,29.251],[-13.518,29.274],[-13.508,29.289],[-13.487,29.285]]],[[[-0.733,37.748],[-0.742,37.726],[-0.74,37.702],[-0.726,37.665],[-0.747,37.684],[-0.751,37.713],[-0.75,37.746],[-0.755,37.774],[-0.749,37.775],[-0.748,37.773],[-0.748,37.77],[-0.747,37.768],[-0.744,37.764],[-0.738,37.754],[-0.733,37.748]]],[[[1.526,38.678],[1.566,38.691],[1.582,38.675],[1.581,38.653],[1.557,38.649],[1.523,38.649],[1.474,38.675],[1.458,38.681],[1.439,38.67],[1.429,38.665],[1.413,38.646],[1.397,38.639],[1.383,38.642],[1.388,38.662],[1.383,38.67],[1.383,38.68],[1.389,38.687],[1.393,38.696],[1.394,38.704],[1.386,38.708],[1.383,38.712],[1.389,38.719],[1.401,38.73],[1.408,38.724],[1.418,38.728],[1.428,38.739],[1.431,38.755],[1.435,38.755],[1.437,38.754],[1.437,38.752],[1.438,38.749],[1.486,38.695],[1.526,38.678]]],[[[1.606,39.091],[1.601,39.082],[1.607,39.062],[1.623,39.029],[1.606,39.028],[1.593,39.02],[1.585,39.007],[1.581,38.992],[1.576,38.986],[1.541,38.968],[1.51,38.93],[1.497,38.922],[1.469,38.91],[1.459,38.9],[1.455,38.904],[1.448,38.909],[1.445,38.913],[1.429,38.897],[1.415,38.891],[1.404,38.857],[1.403,38.832],[1.371,38.832],[1.361,38.852],[1.344,38.862],[1.329,38.858],[1.322,38.858],[1.319,38.859],[1.318,38.86],[1.308,38.858],[1.3,38.87],[1.283,38.875],[1.267,38.87],[1.26,38.858],[1.228,38.875],[1.217,38.885],[1.212,38.903],[1.224,38.927],[1.228,38.942],[1.218,38.954],[1.227,38.96],[1.237,38.965],[1.248,38.966],[1.26,38.961],[1.267,38.966],[1.277,38.968],[1.301,38.968],[1.292,39.01],[1.293,39.033],[1.304,39.043],[1.318,39.048],[1.333,39.057],[1.357,39.078],[1.363,39.078],[1.372,39.071],[1.392,39.083],[1.403,39.078],[1.423,39.091],[1.451,39.102],[1.479,39.108],[1.5,39.105],[1.509,39.114],[1.523,39.119],[1.537,39.118],[1.554,39.108],[1.56,39.106],[1.578,39.105],[1.59,39.103],[1.598,39.098],[1.606,39.091]]],[[[3.355,39.784],[3.383,39.778],[3.44,39.752],[3.474,39.75],[3.469,39.739],[3.469,39.731],[3.473,39.724],[3.474,39.716],[3.471,39.71],[3.464,39.706],[3.461,39.7],[3.468,39.688],[3.454,39.66],[3.443,39.646],[3.43,39.64],[3.413,39.635],[3.402,39.623],[3.399,39.608],[3.406,39.592],[3.365,39.563],[3.323,39.524],[3.292,39.476],[3.282,39.42],[3.273,39.425],[3.269,39.428],[3.253,39.386],[3.221,39.36],[3.129,39.316],[3.091,39.29],[3.083,39.28],[3.079,39.277],[3.07,39.272],[3.061,39.269],[3.057,39.273],[3.029,39.305],[3.023,39.308],[3.007,39.314],[3.001,39.318],[2.997,39.327],[2.995,39.338],[2.991,39.347],[2.984,39.351],[2.974,39.353],[2.959,39.363],[2.95,39.366],[2.938,39.364],[2.922,39.36],[2.913,39.359],[2.825,39.364],[2.787,39.376],[2.762,39.4],[2.751,39.455],[2.737,39.462],[2.74,39.478],[2.755,39.503],[2.744,39.523],[2.715,39.544],[2.682,39.559],[2.655,39.565],[2.633,39.559],[2.569,39.532],[2.556,39.52],[2.545,39.493],[2.52,39.473],[2.493,39.47],[2.474,39.496],[2.472,39.498],[2.469,39.506],[2.472,39.512],[2.481,39.516],[2.454,39.537],[2.446,39.529],[2.438,39.525],[2.431,39.528],[2.426,39.537],[2.398,39.525],[2.392,39.524],[2.382,39.529],[2.374,39.547],[2.356,39.559],[2.351,39.576],[2.352,39.597],[2.358,39.612],[2.429,39.647],[2.45,39.65],[2.468,39.659],[2.518,39.7],[2.532,39.706],[2.552,39.709],[2.57,39.713],[2.587,39.724],[2.618,39.75],[2.622,39.754],[2.629,39.767],[2.631,39.77],[2.636,39.771],[2.647,39.769],[2.652,39.77],[2.676,39.789],[2.679,39.794],[2.684,39.796],[2.704,39.814],[2.711,39.819],[2.718,39.82],[2.747,39.832],[2.762,39.841],[2.773,39.85],[2.785,39.857],[2.8,39.86],[2.803,39.862],[2.81,39.871],[2.813,39.873],[2.834,39.871],[2.844,39.873],[2.873,39.883],[2.933,39.914],[2.964,39.921],[3.02,39.925],[3.076,39.936],[3.179,39.969],[3.193,39.955],[3.198,39.959],[3.201,39.961],[3.214,39.955],[3.204,39.949],[3.168,39.936],[3.156,39.934],[3.141,39.928],[3.127,39.917],[3.115,39.909],[3.104,39.914],[3.097,39.914],[3.095,39.881],[3.13,39.876],[3.207,39.893],[3.207,39.887],[3.197,39.881],[3.196,39.875],[3.196,39.867],[3.193,39.86],[3.187,39.854],[3.181,39.851],[3.165,39.846],[3.134,39.84],[3.126,39.832],[3.125,39.811],[3.136,39.789],[3.163,39.769],[3.195,39.755],[3.224,39.75],[3.292,39.75],[3.31,39.755],[3.34,39.779],[3.355,39.784]]],[[[4.303,39.926],[4.307,39.911],[4.329,39.883],[4.337,39.867],[4.33,39.867],[4.326,39.873],[4.32,39.879],[4.312,39.884],[4.303,39.888],[4.3,39.822],[4.248,39.816],[4.177,39.843],[4.015,39.926],[3.981,39.936],[3.941,39.937],[3.869,39.926],[3.831,39.936],[3.835,39.948],[3.836,39.962],[3.839,39.976],[3.851,39.984],[3.842,39.989],[3.822,39.995],[3.813,40.001],[3.803,40.013],[3.803,40.018],[3.807,40.023],[3.809,40.035],[3.822,40.048],[3.892,40.06],[3.915,40.052],[4.012,40.06],[4.052,40.058],[4.063,40.06],[4.078,40.064],[4.094,40.075],[4.105,40.079],[4.108,40.068],[4.117,40.06],[4.139,40.046],[4.137,40.043],[4.135,40.036],[4.135,40.028],[4.142,40.025],[4.149,40.028],[4.156,40.035],[4.166,40.046],[4.164,40.061],[4.171,40.065],[4.177,40.059],[4.173,40.046],[4.179,40.039],[4.207,40.025],[4.212,40.017],[4.217,40.013],[4.227,40.005],[4.233,40.003],[4.247,40.0],[4.255,39.997],[4.265,39.986],[4.273,39.97],[4.272,39.955],[4.255,39.95],[4.27,39.944],[4.286,39.945],[4.298,39.942],[4.303,39.926]]],[[[2.985,39.166],[2.982,39.139],[2.962,39.116],[2.931,39.118],[2.914,39.152],[2.94,39.172],[2.981,39.186],[2.985,39.166]]],[[[-4.3,35.173],[-4.299,35.173],[-4.297,35.172],[-4.298,35.172],[-4.299,35.172],[-4.301,35.172],[-4.302,35.173],[-4.301,35.173],[-4.3,35.173]]],[[[-3.903,35.215],[-3.902,35.216],[-3.902,35.215],[-3.903,35.215],[-3.903,35.215],[-3.903,35.215]]],[[[-3.901,35.218],[-3.9,35.218],[-3.9,35.217],[-3.9,35.217],[-3.901,35.217],[-3.901,35.217],[-3.901,35.218],[-3.901,35.218]]],[[[-2.434,35.185],[-2.429,35.186],[-2.427,35.182],[-2.431,35.179],[-2.436,35.181],[-2.434,35.185]]],[[[-5.419,35.916],[-5.416,35.914],[-5.418,35.911],[-5.42,35.912],[-5.421,35.914],[-5.419,35.916]]]]}},{"type":"Feature","properties":{"cc":"MA"},"geometry":{"type":"Polygon","coordinates":[[[-5.399,35.925],[-5.39,35.902],[-5.378,35.882],[-5.363,35.864],[-5.341,35.847],[-5.341,35.847],[-5.346,35.833],[-5.342,35.808],[-5.327,35.756],[-5.323,35.714],[-5.319,35.702],[-5.313,35.692],[-5.305,35.685],[-5.299,35.684],[-5.282,35.687],[-5.277,35.685],[-5.275,35.679],[-5.277,35.664],[-5.277,35.658],[-5.26,35.605],[-5.249,35.585],[-5.228,35.569],[-5.186,35.544],[-5.151,35.516],[-5.066,35.417],[-5.051,35.408],[-5.026,35.404],[-5.008,35.399],[-4.989,35.388],[-4.955,35.362],[-4.927,35.33],[-4.909,35.315],[-4.865,35.302],[-4.811,35.26],[-4.77,35.241],[-4.628,35.205],[-4.495,35.181],[-4.494,35.181],[-4.376,35.152],[-4.348,35.15],[-4.327,35.155],[-4.269,35.185],[-4.131,35.205],[-4.047,35.236],[-3.961,35.25],[-3.919,35.267],[-3.909,35.255],[-3.913,35.251],[-3.925,35.248],[-3.93,35.244],[-3.925,35.238],[-3.918,35.231],[-3.904,35.214],[-3.889,35.208],[-3.869,35.207],[-3.841,35.205],[-3.822,35.207],[-3.787,35.209],[-3.765,35.218],[-3.756,35.236],[-3.747,35.264],[-3.726,35.282],[-3.7,35.291],[-3.674,35.288],[-3.654,35.277],[-3.612,35.245],[-3.591,35.233],[-3.516,35.224],[-3.489,35.211],[-3.477,35.211],[-3.465,35.212],[-3.454,35.212],[-3.443,35.209],[-3.423,35.201],[-3.413,35.198],[-3.362,35.195],[-3.319,35.202],[-3.195,35.238],[-3.174,35.249],[-3.129,35.289],[-3.118,35.294],[-3.11,35.294],[-3.1,35.29],[-3.09,35.286],[-3.077,35.288],[-3.045,35.314],[-3.006,35.394],[-2.981,35.425],[-2.983,35.435],[-2.978,35.443],[-2.969,35.446],[-2.957,35.441],[-2.952,35.433],[-2.958,35.416],[-2.953,35.404],[-2.963,35.373],[-2.95,35.335],[-2.948,35.33],[-2.948,35.33],[-2.967,35.314],[-2.964,35.286],[-2.943,35.268],[-2.913,35.277],[-2.899,35.26],[-2.908,35.251],[-2.912,35.236],[-2.913,35.219],[-2.91,35.187],[-2.905,35.174],[-2.896,35.162],[-2.882,35.147],[-2.856,35.131],[-2.821,35.122],[-2.748,35.116],[-2.792,35.145],[-2.868,35.217],[-2.883,35.239],[-2.878,35.246],[-2.865,35.238],[-2.816,35.195],[-2.809,35.184],[-2.761,35.143],[-2.718,35.123],[-2.667,35.108],[-2.563,35.096],[-2.517,35.099],[-2.493,35.104],[-2.477,35.113],[-2.456,35.132],[-2.437,35.145],[-2.417,35.149],[-2.321,35.119],[-2.299,35.116],[-2.275,35.11],[-2.249,35.097],[-2.223,35.089],[-2.221,35.05],[-2.212,35.023],[-2.194,35.004],[-2.163,34.994],[-2.126,34.972],[-2.095,34.948],[-2.061,34.93],[-2.016,34.926],[-2.004,34.918],[-2.0,34.906],[-1.998,34.893],[-1.993,34.879],[-1.98,34.865],[-1.927,34.838],[-1.893,34.812],[-1.788,34.757],[-1.77,34.741],[-1.773,34.734],[-1.786,34.726],[-1.811,34.681],[-1.863,34.614],[-1.871,34.597],[-1.751,34.494],[-1.714,34.485],[-1.703,34.48],[-1.81,34.372],[-1.771,34.335],[-1.746,34.29],[-1.675,34.106],[-1.672,34.092],[-1.67,34.079],[-1.672,34.059],[-1.719,33.898],[-1.722,33.851],[-1.713,33.802],[-1.703,33.773],[-1.703,33.762],[-1.711,33.747],[-1.721,33.736],[-1.733,33.728],[-1.742,33.718],[-1.747,33.702],[-1.741,33.687],[-1.725,33.678],[-1.691,33.667],[-1.673,33.657],[-1.662,33.645],[-1.617,33.554],[-1.613,33.521],[-1.625,33.494],[-1.64,33.476],[-1.659,33.42],[-1.673,33.395],[-1.683,33.369],[-1.683,33.271],[-1.674,33.238],[-1.624,33.197],[-1.606,33.168],[-1.592,33.137],[-1.571,33.112],[-1.546,33.092],[-1.516,33.074],[-1.5,33.06],[-1.493,33.039],[-1.493,33.016],[-1.497,32.994],[-1.499,32.984],[-1.503,32.975],[-1.509,32.966],[-1.516,32.959],[-1.559,32.934],[-1.423,32.742],[-1.391,32.719],[-1.327,32.699],[-1.048,32.517],[-1.032,32.494],[-1.09,32.439],[-1.123,32.418],[-1.16,32.405],[-1.202,32.4],[-1.218,32.393],[-1.234,32.375],[-1.244,32.357],[-1.258,32.321],[-1.273,32.229],[-1.275,32.218],[-1.275,32.209],[-1.277,32.201],[-1.283,32.19],[-1.289,32.185],[-1.306,32.174],[-1.31,32.167],[-1.305,32.151],[-1.289,32.151],[-1.252,32.164],[-1.233,32.164],[-1.212,32.158],[-1.196,32.146],[-1.191,32.125],[-1.21,32.09],[-1.25,32.082],[-1.325,32.085],[-1.333,32.085],[-1.357,32.086],[-1.395,32.088],[-1.446,32.09],[-1.506,32.092],[-1.576,32.095],[-1.652,32.098],[-1.734,32.101],[-1.82,32.105],[-1.908,32.108],[-1.995,32.111],[-2.082,32.115],[-2.165,32.118],[-2.243,32.121],[-2.315,32.124],[-2.379,32.127],[-2.516,32.132],[-2.696,32.09],[-2.881,32.076],[-2.939,32.049],[-2.87,31.892],[-2.828,31.795],[-3.003,31.774],[-3.219,31.718],[-3.512,31.673],[-3.549,31.67],[-3.591,31.678],[-3.66,31.648],[-3.673,31.389],[-3.747,31.385],[-3.803,31.351],[-3.815,31.337],[-3.819,31.319],[-3.813,31.243],[-3.815,31.221],[-3.836,31.19],[-3.843,31.17],[-3.839,31.153],[-3.827,31.144],[-3.811,31.143],[-3.793,31.15],[-3.764,31.173],[-3.749,31.18],[-3.731,31.176],[-3.717,31.163],[-3.69,31.126],[-3.672,31.111],[-3.636,31.096],[-3.624,31.087],[-3.615,31.068],[-3.61,31.05],[-3.609,31.031],[-3.555,30.956],[-3.611,30.879],[-3.66,30.837],[-3.653,30.774],[-3.646,30.711],[-3.834,30.627],[-4.002,30.593],[-4.156,30.586],[-4.275,30.558],[-4.372,30.509],[-4.484,30.383],[-4.624,30.285],[-4.771,30.229],[-4.876,30.18],[-4.959,30.124],[-5.071,30.04],[-5.176,29.977],[-5.274,29.887],[-5.344,29.768],[-5.435,29.642],[-5.54,29.523],[-5.637,29.495],[-5.721,29.523],[-5.756,29.614],[-5.882,29.6],[-6.001,29.579],[-6.127,29.579],[-6.273,29.579],[-6.413,29.565],[-6.56,29.53],[-6.7,29.516],[-6.784,29.446],[-6.958,29.509],[-7.07,29.516],[-7.147,29.509],[-7.259,29.467],[-7.35,29.383],[-7.463,29.389],[-7.484,29.382],[-7.506,29.38],[-7.529,29.381],[-7.573,29.388],[-7.619,29.389],[-7.654,29.376],[-7.715,29.322],[-7.73,29.311],[-7.778,29.289],[-7.839,29.239],[-7.945,29.176],[-8.036,29.1],[-8.07,29.079],[-8.182,29.036],[-8.25,28.995],[-8.317,28.939],[-8.333,28.93],[-8.368,28.917],[-8.383,28.906],[-8.418,28.852],[-8.43,28.841],[-8.476,28.819],[-8.521,28.787],[-8.649,28.726],[-8.668,28.712],[-8.679,28.693],[-8.682,28.666],[-8.682,28.62],[-8.682,28.56],[-8.682,28.5],[-8.682,28.44],[-8.682,28.381],[-8.682,28.321],[-8.682,28.261],[-8.682,28.201],[-8.682,28.141],[-8.682,28.081],[-8.682,28.021],[-8.682,27.961],[-8.682,27.901],[-8.682,27.841],[-8.682,27.781],[-8.682,27.721],[-8.682,27.661],[-8.753,27.661],[-8.817,27.661],[-8.817,27.661],[-8.823,27.661],[-8.893,27.662],[-8.963,27.662],[-9.033,27.662],[-9.104,27.662],[-9.174,27.662],[-9.244,27.662],[-9.314,27.662],[-9.385,27.662],[-9.455,27.662],[-9.525,27.662],[-9.595,27.662],[-9.666,27.662],[-9.736,27.662],[-9.806,27.662],[-9.876,27.662],[-9.947,27.662],[-10.017,27.662],[-10.087,27.662],[-10.157,27.662],[-10.228,27.662],[-10.298,27.662],[-10.368,27.662],[-10.438,27.662],[-10.508,27.662],[-10.579,27.662],[-10.649,27.662],[-10.719,27.662],[-10.789,27.662],[-10.86,27.662],[-10.93,27.662],[-11.0,27.662],[-11.07,27.662],[-11.141,27.662],[-11.211,27.662],[-11.281,27.662],[-11.351,27.662],[-11.422,27.662],[-11.492,27.662],[-11.562,27.662],[-11.632,27.662],[-11.703,27.662],[-11.773,27.662],[-11.802,27.662],[-11.813,27.662],[-11.843,27.662],[-11.913,27.662],[-11.984,27.662],[-12.054,27.662],[-12.124,27.662],[-12.194,27.662],[-12.264,27.662],[-12.335,27.662],[-12.405,27.662],[-12.475,27.662],[-12.545,27.662],[-12.616,27.662],[-12.686,27.662],[-12.756,27.662],[-12.826,27.662],[-12.897,27.662],[-12.967,27.662],[-13.037,27.663],[-13.107,27.663],[-13.178,27.662],[-13.178,27.663],[-13.178,27.667],[-13.171,27.685],[-13.161,27.695],[-13.13,27.708],[-13.098,27.732],[-13.061,27.743],[-13.045,27.76],[-13.003,27.821],[-12.98,27.894],[-12.968,27.915],[-12.952,27.929],[-12.933,27.939],[-12.839,27.97],[-12.658,27.998],[-12.514,27.995],[-12.335,28.047],[-12.061,28.089],[-12.05,28.096],[-12.028,28.117],[-12.023,28.12],[-12.006,28.123],[-11.782,28.21],[-11.486,28.326],[-11.453,28.348],[-11.429,28.376],[-11.389,28.435],[-11.374,28.45],[-11.356,28.464],[-11.341,28.48],[-11.335,28.5],[-11.326,28.515],[-11.266,28.552],[-11.22,28.602],[-11.212,28.617],[-11.17,28.64],[-11.162,28.647],[-11.154,28.661],[-11.149,28.668],[-11.115,28.692],[-11.112,28.696],[-11.091,28.726],[-11.063,28.752],[-11.048,28.762],[-10.763,28.89],[-10.694,28.931],[-10.612,28.968],[-10.574,28.99],[-10.451,29.092],[-10.348,29.229],[-10.321,29.258],[-10.302,29.272],[-10.264,29.284],[-10.248,29.299],[-10.224,29.333],[-10.199,29.361],[-10.188,29.379],[-10.183,29.397],[-10.178,29.406],[-10.142,29.429],[-10.137,29.435],[-10.128,29.456],[-10.087,29.51],[-10.081,29.521],[-10.079,29.542],[-10.073,29.565],[-10.064,29.585],[-10.053,29.6],[-10.005,29.638],[-9.998,29.651],[-9.992,29.667],[-9.95,29.716],[-9.82,29.839],[-9.718,29.997],[-9.655,30.127],[-9.645,30.164],[-9.628,30.291],[-9.61,30.358],[-9.607,30.378],[-9.612,30.404],[-9.623,30.417],[-9.638,30.427],[-9.655,30.442],[-9.666,30.459],[-9.692,30.51],[-9.7,30.543],[-9.708,30.548],[-9.72,30.549],[-9.731,30.552],[-9.74,30.56],[-9.758,30.587],[-9.83,30.629],[-9.851,30.63],[-9.874,30.634],[-9.889,30.648],[-9.887,30.687],[-9.866,30.724],[-9.839,30.76],[-9.82,30.792],[-9.814,30.815],[-9.813,30.827],[-9.817,30.837],[-9.824,30.846],[-9.824,30.852],[-9.822,30.859],[-9.82,30.871],[-9.828,31.067],[-9.831,31.085],[-9.848,31.121],[-9.835,31.145],[-9.809,31.286],[-9.807,31.343],[-9.811,31.367],[-9.822,31.379],[-9.835,31.389],[-9.848,31.402],[-9.816,31.437],[-9.793,31.471],[-9.77,31.531],[-9.758,31.546],[-9.74,31.56],[-9.733,31.567],[-9.728,31.585],[-9.714,31.598],[-9.708,31.609],[-9.694,31.626],[-9.689,31.635],[-9.675,31.715],[-9.667,31.731],[-9.576,31.816],[-9.535,31.864],[-9.528,31.871],[-9.513,31.881],[-9.505,31.888],[-9.497,31.898],[-9.489,31.915],[-9.484,31.923],[-9.366,32.026],[-9.354,32.047],[-9.346,32.062],[-9.335,32.102],[-9.333,32.118],[-9.328,32.13],[-9.292,32.169],[-9.278,32.197],[-9.27,32.227],[-9.265,32.331],[-9.269,32.336],[-9.288,32.343],[-9.292,32.351],[-9.29,32.372],[-9.283,32.388],[-9.256,32.433],[-9.249,32.453],[-9.247,32.472],[-9.255,32.488],[-9.264,32.498],[-9.272,32.513],[-9.278,32.53],[-9.279,32.546],[-9.26,32.577],[-9.112,32.683],[-8.999,32.797],[-8.902,32.855],[-8.868,32.882],[-8.755,33.011],[-8.629,33.128],[-8.621,33.139],[-8.62,33.152],[-8.621,33.174],[-8.612,33.186],[-8.529,33.269],[-8.521,33.273],[-8.513,33.27],[-8.503,33.262],[-8.494,33.26],[-8.47,33.261],[-8.452,33.264],[-8.415,33.28],[-8.379,33.305],[-8.32,33.365],[-8.285,33.39],[-8.243,33.405],[-8.107,33.431],[-8.012,33.466],[-7.963,33.485],[-7.916,33.495],[-7.891,33.503],[-7.87,33.527],[-7.845,33.536],[-7.778,33.553],[-7.738,33.571],[-7.719,33.574],[-7.701,33.583],[-7.684,33.6],[-7.668,33.613],[-7.648,33.608],[-7.636,33.615],[-7.627,33.613],[-7.617,33.609],[-7.606,33.608],[-7.597,33.612],[-7.579,33.621],[-7.55,33.626],[-7.529,33.633],[-7.51,33.642],[-7.497,33.65],[-7.463,33.687],[-7.434,33.698],[-7.406,33.727],[-7.387,33.732],[-7.394,33.725],[-7.374,33.719],[-7.353,33.725],[-7.341,33.731],[-7.267,33.772],[-7.229,33.801],[-7.193,33.818],[-7.153,33.83],[-7.117,33.835],[-7.117,33.835],[-7.099,33.84],[-7.068,33.864],[-7.032,33.874],[-6.927,33.944],[-6.822,34.04],[-6.734,34.163],[-6.668,34.281],[-6.558,34.418],[-6.548,34.435],[-6.531,34.474],[-6.508,34.505],[-6.292,34.881],[-6.205,35.125],[-6.024,35.501],[-6.019,35.52],[-6.017,35.545],[-6.012,35.559],[-5.991,35.599],[-5.97,35.653],[-5.968,35.661],[-5.965,35.67],[-5.952,35.685],[-5.949,35.695],[-5.943,35.742],[-5.936,35.766],[-5.927,35.781],[-5.908,35.797],[-5.873,35.802],[-5.781,35.791],[-5.769,35.793],[-5.742,35.815],[-5.73,35.823],[-5.712,35.831],[-5.694,35.834],[-5.681,35.829],[-5.663,35.836],[-5.64,35.836],[-5.616,35.832],[-5.599,35.822],[-5.54,35.851],[-5.523,35.863],[-5.487,35.897],[-5.469,35.91],[-5.448,35.919],[-5.44,35.918],[-5.435,35.914],[-5.423,35.909],[-5.414,35.909],[-5.41,35.917],[-5.408,35.925],[-5.405,35.927],[-5.399,35.924],[-5.399,35.925]]]}},{"type":"Feature","properties":{"cc":"DZ"},"geometry":{"type":"Polygon","coordinates":[[[-4.822,24.995],[-4.995,25.102],[-5.169,25.209],[-5.342,25.316],[-5.516,25.423],[-5.637,25.494],[-5.662,25.509],[-5.805,25.593],[-5.972,25.692],[-6.14,25.79],[-6.307,25.889],[-6.505,26.005],[-6.703,26.122],[-6.901,26.238],[-7.099,26.354],[-7.297,26.471],[-7.495,26.587],[-7.693,26.703],[-7.891,26.82],[-8.089,26.936],[-8.286,27.053],[-8.484,27.169],[-8.682,27.285],[-8.682,27.379],[-8.682,27.473],[-8.682,27.567],[-8.682,27.661],[-8.682,27.721],[-8.682,27.781],[-8.682,27.841],[-8.682,27.901],[-8.682,27.961],[-8.682,28.021],[-8.682,28.081],[-8.682,28.141],[-8.682,28.201],[-8.682,28.261],[-8.682,28.321],[-8.682,28.381],[-8.682,28.44],[-8.682,28.5],[-8.682,28.56],[-8.682,28.62],[-8.682,28.666],[-8.679,28.693],[-8.668,28.712],[-8.649,28.726],[-8.521,28.787],[-8.476,28.819],[-8.43,28.841],[-8.418,28.852],[-8.383,28.906],[-8.368,28.917],[-8.333,28.93],[-8.317,28.939],[-8.25,28.995],[-8.182,29.036],[-8.07,29.079],[-8.036,29.1],[-7.945,29.176],[-7.839,29.239],[-7.778,29.289],[-7.73,29.311],[-7.715,29.322],[-7.654,29.376],[-7.619,29.389],[-7.573,29.388],[-7.529,29.381],[-7.506,29.38],[-7.484,29.382],[-7.463,29.389],[-7.35,29.383],[-7.259,29.467],[-7.147,29.509],[-7.07,29.516],[-6.958,29.509],[-6.784,29.446],[-6.7,29.516],[-6.56,29.53],[-6.413,29.565],[-6.273,29.579],[-6.127,29.579],[-6.001,29.579],[-5.882,29.6],[-5.756,29.614],[-5.721,29.523],[-5.637,29.495],[-5.54,29.523],[-5.435,29.642],[-5.344,29.768],[-5.274,29.887],[-5.176,29.977],[-5.071,30.04],[-4.959,30.124],[-4.876,30.18],[-4.771,30.229],[-4.624,30.285],[-4.484,30.383],[-4.372,30.509],[-4.275,30.558],[-4.156,30.586],[-4.002,30.593],[-3.834,30.627],[-3.646,30.711],[-3.653,30.774],[-3.66,30.837],[-3.611,30.879],[-3.555,30.956],[-3.609,31.031],[-3.61,31.05],[-3.615,31.068],[-3.624,31.087],[-3.636,31.096],[-3.672,31.111],[-3.69,31.126],[-3.717,31.163],[-3.731,31.176],[-3.749,31.18],[-3.764,31.173],[-3.793,31.15],[-3.811,31.143],[-3.827,31.144],[-3.839,31.153],[-3.843,31.17],[-3.836,31.19],[-3.815,31.221],[-3.813,31.243],[-3.819,31.319],[-3.815,31.337],[-3.803,31.351],[-3.747,31.385],[-3.673,31.389],[-3.66,31.648],[-3.591,31.678],[-3.549,31.67],[-3.512,31.673],[-3.219,31.718],[-3.003,31.774],[-2.828,31.795],[-2.87,31.892],[-2.939,32.049],[-2.881,32.076],[-2.696,32.09],[-2.516,32.132],[-2.379,32.127],[-2.315,32.124],[-2.243,32.121],[-2.165,32.118],[-2.082,32.115],[-1.995,32.111],[-1.908,32.108],[-1.82,32.105],[-1.734,32.101],[-1.652,32.098],[-1.576,32.095],[-1.506,32.092],[-1.446,32.09],[-1.395,32.088],[-1.357,32.086],[-1.333,32.085],[-1.325,32.085],[-1.25,32.082],[-1.21,32.09],[-1.191,32.125],[-1.196,32.146],[-1.212,32.158],[-1.233,32.164],[-1.252,32.164],[-1.289,32.151],[-1.305,32.151],[-1.31,32.167],[-1.306,32.174],[-1.289,32.185],[-1.283,32.19],[-1.277,32.201],[-1.275,32.209],[-1.275,32.218],[-1.273,32.229],[-1.258,32.321],[-1.244,32.357],[-1.234,32.375],[-1.218,32.393],[-1.202,32.4],[-1.16,32.405],[-1.123,32.418],[-1.09,32.439],[-1.032,32.494],[-1.048,32.517],[-1.327,32.699],[-1.391,32.719],[-1.423,32.742],[-1.559,32.934],[-1.516,32.959],[-1.509,32.966],[-1.503,32.975],[-1.499,32.984],[-1.497,32.994],[-1.493,33.016],[-1.493,33.039],[-1.5,33.06],[-1.516,33.074],[-1.546,33.092],[-1.571,33.112],[-1.592,33.137],[-1.606,33.168],[-1.624,33.197],[-1.674,33.238],[-1.683,33.271],[-1.683,33.369],[-1.673,33.395],[-1.659,33.42],[-1.64,33.476],[-1.625,33.494],[-1.613,33.521],[-1.617,33.554],[-1.662,33.645],[-1.673,33.657],[-1.691,33.667],[-1.725,33.678],[-1.741,33.687],[-1.747,33.702],[-1.742,33.718],[-1.733,33.728],[-1.721,33.736],[-1.711,33.747],[-1.703,33.762],[-1.703,33.773],[-1.713,33.802],[-1.722,33.851],[-1.719,33.898],[-1.672,34.059],[-1.67,34.079],[-1.672,34.092],[-1.675,34.106],[-1.746,34.29],[-1.771,34.335],[-1.81,34.372],[-1.703,34.48],[-1.714,34.485],[-1.751,34.494],[-1.871,34.597],[-1.863,34.614],[-1.811,34.681],[-1.786,34.726],[-1.773,34.734],[-1.77,34.741],[-1.788,34.757],[-1.893,34.812],[-1.927,34.838],[-1.98,34.865],[-1.993,34.879],[-1.998,34.893],[-2.0,34.906],[-2.004,34.918],[-2.016,34.926],[-2.061,34.93],[-2.095,34.948],[-2.126,34.972],[-2.163,34.994],[-2.194,35.004],[-2.212,35.023],[-2.221,35.05],[-2.223,35.089],[-2.2,35.096],[-2.196,35.095],[-2.193,35.094],[-2.189,35.093],[-2.186,35.089],[-2.157,35.101],[-2.122,35.095],[-2.086,35.082],[-2.052,35.075],[-1.988,35.082],[-1.965,35.076],[-1.956,35.075],[-1.95,35.077],[-1.932,35.089],[-1.839,35.111],[-1.813,35.127],[-1.804,35.128],[-1.774,35.127],[-1.761,35.13],[-1.746,35.139],[-1.713,35.171],[-1.649,35.188],[-1.638,35.195],[-1.63,35.212],[-1.51,35.295],[-1.491,35.301],[-1.396,35.309],[-1.37,35.316],[-1.364,35.318],[-1.359,35.322],[-1.333,35.349],[-1.314,35.354],[-1.295,35.365],[-1.279,35.378],[-1.268,35.39],[-1.259,35.41],[-1.247,35.458],[-1.237,35.476],[-1.225,35.491],[-1.19,35.566],[-1.183,35.576],[-1.172,35.581],[-1.148,35.582],[-1.143,35.587],[-1.117,35.617],[-1.106,35.623],[-1.083,35.637],[-1.052,35.661],[-1.04,35.676],[-1.033,35.683],[-0.997,35.69],[-0.978,35.7],[-0.962,35.711],[-0.946,35.719],[-0.923,35.725],[-0.91,35.724],[-0.905,35.716],[-0.899,35.712],[-0.888,35.716],[-0.849,35.734],[-0.825,35.769],[-0.802,35.774],[-0.794,35.77],[-0.786,35.763],[-0.777,35.756],[-0.764,35.753],[-0.754,35.752],[-0.734,35.747],[-0.723,35.746],[-0.711,35.743],[-0.706,35.736],[-0.701,35.727],[-0.692,35.719],[-0.683,35.717],[-0.645,35.719],[-0.626,35.723],[-0.606,35.731],[-0.589,35.742],[-0.577,35.771],[-0.565,35.772],[-0.551,35.769],[-0.541,35.768],[-0.53,35.773],[-0.523,35.78],[-0.477,35.859],[-0.476,35.87],[-0.478,35.873],[-0.48,35.879],[-0.481,35.886],[-0.479,35.89],[-0.474,35.891],[-0.468,35.889],[-0.463,35.885],[-0.459,35.884],[-0.449,35.884],[-0.428,35.883],[-0.418,35.884],[-0.376,35.9],[-0.349,35.907],[-0.336,35.901],[-0.331,35.89],[-0.321,35.884],[-0.309,35.881],[-0.302,35.878],[-0.298,35.867],[-0.305,35.854],[-0.302,35.843],[-0.286,35.828],[-0.259,35.818],[-0.188,35.805],[-0.145,35.79],[-0.124,35.787],[-0.114,35.789],[-0.083,35.794],[-0.038,35.813],[0.003,35.838],[0.035,35.863],[0.07,35.922],[0.08,35.947],[0.114,36.01],[0.122,36.033],[0.124,36.045],[0.127,36.051],[0.136,36.056],[0.146,36.06],[0.154,36.065],[0.202,36.107],[0.219,36.117],[0.283,36.134],[0.294,36.141],[0.299,36.147],[0.321,36.159],[0.329,36.165],[0.333,36.174],[0.338,36.197],[0.342,36.206],[0.36,36.214],[0.384,36.218],[0.428,36.22],[0.451,36.223],[0.468,36.232],[0.483,36.244],[0.557,36.284],[0.595,36.293],[0.612,36.305],[0.627,36.319],[0.644,36.329],[0.663,36.333],[0.74,36.338],[0.753,36.339],[0.769,36.345],[0.802,36.364],[0.865,36.377],[0.881,36.387],[0.891,36.396],[0.914,36.409],[0.925,36.418],[0.93,36.426],[0.932,36.435],[0.936,36.444],[0.946,36.452],[0.963,36.458],[1.007,36.467],[1.045,36.487],[1.117,36.487],[1.139,36.493],[1.179,36.511],[1.203,36.514],[1.245,36.514],[1.265,36.515],[1.288,36.521],[1.347,36.545],[1.368,36.548],[1.386,36.545],[1.43,36.532],[1.453,36.528],[1.476,36.529],[1.517,36.539],[1.701,36.547],[1.717,36.548],[1.727,36.55],[1.75,36.559],[1.761,36.562],[1.77,36.56],[1.792,36.555],[1.803,36.555],[1.858,36.567],[1.914,36.57],[1.96,36.562],[1.973,36.562],[2.06,36.57],[2.31,36.631],[2.33,36.637],[2.352,36.638],[2.373,36.634],[2.392,36.624],[2.398,36.615],[2.4,36.606],[2.404,36.599],[2.416,36.596],[2.427,36.595],[2.447,36.591],[2.457,36.59],[2.601,36.596],[2.633,36.605],[2.728,36.665],[2.793,36.693],[2.819,36.711],[2.844,36.74],[2.85,36.754],[2.876,36.775],[2.933,36.809],[2.977,36.816],[2.985,36.815],[3.014,36.812],[3.048,36.795],[3.074,36.771],[3.102,36.752],[3.14,36.742],[3.173,36.743],[3.179,36.743],[3.21,36.757],[3.221,36.771],[3.226,36.786],[3.227,36.812],[3.238,36.813],[3.303,36.789],[3.341,36.781],[3.461,36.775],[3.48,36.777],[3.519,36.787],[3.54,36.789],[3.55,36.791],[3.558,36.798],[3.564,36.804],[3.571,36.809],[3.58,36.81],[3.602,36.808],[3.612,36.809],[3.65,36.824],[3.709,36.873],[3.742,36.891],[3.827,36.913],[3.874,36.917],[3.913,36.912],[3.948,36.893],[3.964,36.891],[3.975,36.892],[3.996,36.897],[4.031,36.898],[4.039,36.897],[4.085,36.892],[4.105,36.884],[4.146,36.902],[4.16,36.904],[4.172,36.902],[4.197,36.893],[4.21,36.891],[4.223,36.894],[4.249,36.908],[4.262,36.912],[4.279,36.91],[4.306,36.9],[4.32,36.898],[4.441,36.912],[4.453,36.91],[4.468,36.906],[4.482,36.9],[4.492,36.895],[4.504,36.889],[4.536,36.889],[4.551,36.884],[4.582,36.895],[4.591,36.895],[4.623,36.896],[4.698,36.891],[4.769,36.898],[4.787,36.895],[4.95,36.84],[4.968,36.826],[4.974,36.819],[4.986,36.817],[5.0,36.817],[5.009,36.816],[5.016,36.811],[5.025,36.799],[5.029,36.795],[5.046,36.789],[5.066,36.784],[5.086,36.781],[5.105,36.781],[5.085,36.733],[5.09,36.717],[5.118,36.699],[5.236,36.651],[5.269,36.644],[5.304,36.643],[5.372,36.651],[5.428,36.664],[5.434,36.665],[5.465,36.665],[5.47,36.668],[5.482,36.68],[5.489,36.685],[5.529,36.698],[5.549,36.71],[5.563,36.746],[5.576,36.761],[5.594,36.774],[5.612,36.781],[5.656,36.792],[5.675,36.8],[5.71,36.826],[5.734,36.832],[5.759,36.833],[5.828,36.822],[5.869,36.823],[6.037,36.854],[6.197,36.902],[6.236,36.921],[6.257,36.946],[6.259,36.967],[6.255,36.983],[6.254,36.999],[6.267,37.018],[6.274,37.024],[6.315,37.049],[6.329,37.062],[6.339,37.069],[6.372,37.083],[6.416,37.093],[6.462,37.094],[6.503,37.083],[6.539,37.06],[6.544,37.059],[6.545,37.049],[6.547,37.041],[6.552,37.037],[6.561,37.035],[6.573,37.028],[6.583,36.99],[6.599,36.973],[6.614,36.978],[6.632,36.972],[6.651,36.964],[6.671,36.959],[6.822,36.953],[6.835,36.949],[6.853,36.94],[6.87,36.929],[6.88,36.918],[6.88,36.902],[6.909,36.893],[6.949,36.89],[6.976,36.891],[7.064,36.913],[7.092,36.926],[7.108,36.92],[7.133,36.915],[7.157,36.915],[7.167,36.922],[7.176,36.932],[7.219,36.961],[7.233,36.967],[7.239,36.972],[7.247,36.982],[7.254,36.995],[7.257,37.004],[7.256,37.015],[7.25,37.023],[7.211,37.057],[7.182,37.077],[7.182,37.083],[7.193,37.084],[7.212,37.089],[7.223,37.09],[7.233,37.087],[7.251,37.079],[7.261,37.077],[7.263,37.076],[7.266,37.075],[7.271,37.071],[7.275,37.069],[7.281,37.073],[7.288,37.08],[7.293,37.083],[7.298,37.083],[7.307,37.08],[7.326,37.071],[7.336,37.069],[7.344,37.071],[7.37,37.083],[7.383,37.083],[7.386,37.082],[7.387,37.078],[7.394,37.069],[7.398,37.058],[7.405,37.052],[7.418,37.049],[7.438,37.049],[7.447,37.047],[7.456,37.042],[7.472,37.05],[7.49,37.055],[7.526,37.033],[7.556,37.008],[7.589,36.988],[7.634,36.981],[7.643,36.983],[7.652,36.986],[7.662,36.988],[7.674,36.987],[7.686,36.982],[7.696,36.977],[7.705,36.971],[7.713,36.963],[7.761,36.967],[7.771,36.97],[7.789,36.987],[7.799,36.994],[7.791,36.973],[7.779,36.951],[7.774,36.931],[7.791,36.918],[7.773,36.89],[7.774,36.89],[7.81,36.868],[7.866,36.854],[7.908,36.85],[8.05,36.878],[8.073,36.887],[8.093,36.902],[8.233,36.958],[8.251,36.949],[8.269,36.934],[8.288,36.926],[8.333,36.928],[8.356,36.926],[8.374,36.918],[8.389,36.923],[8.402,36.919],[8.414,36.91],[8.429,36.904],[8.463,36.902],[8.498,36.904],[8.602,36.939],[8.603,36.94],[8.606,36.913],[8.605,36.901],[8.608,36.891],[8.643,36.849],[8.642,36.836],[8.624,36.826],[8.554,36.804],[8.52,36.798],[8.483,36.8],[8.444,36.796],[8.413,36.784],[8.407,36.768],[8.442,36.753],[8.462,36.733],[8.453,36.698],[8.43,36.663],[8.408,36.643],[8.287,36.583],[8.222,36.564],[8.193,36.549],[8.17,36.526],[8.168,36.492],[8.168,36.491],[8.209,36.478],[8.296,36.469],[8.315,36.461],[8.334,36.456],[8.349,36.449],[8.358,36.43],[8.36,36.411],[8.358,36.37],[8.355,36.356],[8.354,36.351],[8.307,36.244],[8.302,36.202],[8.307,36.182],[8.315,36.164],[8.317,36.146],[8.308,36.127],[8.297,36.11],[8.276,36.037],[8.272,35.982],[8.268,35.97],[8.247,35.907],[8.241,35.828],[8.246,35.785],[8.258,35.75],[8.307,35.685],[8.324,35.652],[8.327,35.621],[8.337,35.538],[8.337,35.508],[8.301,35.437],[8.29,35.403],[8.288,35.366],[8.294,35.325],[8.317,35.289],[8.355,35.274],[8.397,35.264],[8.431,35.242],[8.421,35.222],[8.361,35.146],[8.314,35.103],[8.3,35.068],[8.283,34.994],[8.259,34.941],[8.249,34.902],[8.251,34.865],[8.269,34.764],[8.267,34.75],[8.259,34.741],[8.257,34.74],[8.225,34.712],[8.213,34.697],[8.211,34.681],[8.236,34.648],[8.229,34.636],[8.193,34.618],[8.187,34.61],[8.18,34.592],[8.175,34.585],[8.167,34.579],[8.144,34.567],[8.102,34.536],[8.094,34.53],[7.999,34.494],[7.957,34.469],[7.871,34.438],[7.832,34.414],[7.812,34.379],[7.774,34.261],[7.765,34.245],[7.753,34.232],[7.734,34.224],[7.67,34.215],[7.631,34.199],[7.604,34.175],[7.58,34.148],[7.539,34.114],[7.517,34.095],[7.504,34.068],[7.501,33.994],[7.48,33.894],[7.485,33.855],[7.499,33.8],[7.505,33.783],[7.534,33.736],[7.544,33.684],[7.553,33.659],[7.617,33.566],[7.693,33.454],[7.708,33.415],[7.708,33.411],[7.71,33.278],[7.725,33.231],[7.751,33.208],[7.788,33.198],[7.835,33.195],[7.872,33.184],[7.983,33.117],[8.002,33.108],[8.023,33.103],[8.044,33.102],[8.065,33.106],[8.087,33.094],[8.181,32.97],[8.283,32.836],[8.296,32.804],[8.31,32.664],[8.32,32.561],[8.331,32.528],[8.333,32.526],[8.36,32.501],[8.483,32.435],[8.642,32.337],[8.852,32.208],[9.02,32.105],[9.034,32.091],[9.045,32.072],[9.063,32.0],[9.066,31.99],[9.095,31.88],[9.123,31.77],[9.151,31.66],[9.179,31.549],[9.208,31.439],[9.236,31.329],[9.264,31.219],[9.293,31.109],[9.321,30.999],[9.35,30.889],[9.378,30.779],[9.406,30.669],[9.435,30.559],[9.463,30.449],[9.491,30.339],[9.52,30.229],[9.287,30.117],[9.31,30.084],[9.369,30.023],[9.422,29.969],[9.55,29.802],[9.668,29.608],[9.747,29.368],[9.826,29.129],[9.848,28.976],[9.851,28.786],[9.827,28.619],[9.777,28.268],[9.79,28.209],[9.936,27.867],[9.934,27.827],[9.931,27.819],[9.863,27.619],[9.847,27.599],[9.819,27.586],[9.794,27.57],[9.797,27.549],[9.812,27.527],[9.822,27.506],[9.814,27.486],[9.771,27.444],[9.756,27.423],[9.743,27.364],[9.727,27.325],[9.722,27.308],[9.721,27.292],[9.806,27.025],[9.826,26.921],[9.835,26.901],[9.846,26.892],[9.891,26.87],[9.907,26.857],[9.911,26.843],[9.885,26.737],[9.883,26.702],[9.894,26.674],[9.896,26.653],[9.855,26.524],[9.836,26.504],[9.483,26.353],[9.481,26.333],[9.478,26.316],[9.469,26.301],[9.435,26.272],[9.416,26.232],[9.403,26.216],[9.378,26.169],[9.401,26.113],[9.541,25.936],[9.694,25.743],[9.817,25.588],[9.97,25.395],[10.008,25.331],[10.021,25.268],[10.026,25.136],[10.03,24.995],[10.032,24.856],[10.045,24.83],[10.193,24.75],[10.212,24.723],[10.23,24.63],[10.242,24.595],[10.26,24.577],[10.392,24.48],[10.411,24.473],[10.45,24.477],[10.567,24.516],[10.677,24.554],[10.699,24.556],[10.721,24.552],[10.911,24.495],[11.15,24.422],[11.467,24.326],[11.509,24.314],[11.541,24.298],[11.567,24.267],[11.636,24.138],[11.709,24.003],[11.71,24.0],[11.822,23.791],[11.892,23.66],[11.969,23.517],[11.901,23.477],[11.833,23.437],[11.765,23.397],[11.697,23.357],[11.629,23.317],[11.561,23.277],[11.493,23.237],[11.425,23.196],[11.356,23.156],[11.288,23.116],[11.22,23.076],[11.152,23.036],[11.084,22.996],[11.016,22.956],[10.948,22.916],[10.88,22.875],[10.812,22.835],[10.744,22.795],[10.676,22.755],[10.608,22.715],[10.54,22.675],[10.472,22.635],[10.404,22.595],[10.336,22.555],[10.268,22.514],[10.2,22.474],[10.132,22.434],[10.063,22.394],[9.995,22.354],[9.927,22.314],[9.859,22.274],[9.791,22.234],[9.723,22.193],[9.655,22.153],[9.587,22.113],[9.519,22.073],[9.451,22.033],[9.383,21.993],[9.315,21.953],[9.247,21.913],[9.179,21.873],[9.111,21.832],[9.043,21.792],[8.975,21.752],[8.907,21.712],[8.839,21.672],[8.771,21.632],[8.702,21.592],[8.634,21.552],[8.566,21.511],[8.498,21.471],[8.43,21.431],[8.362,21.391],[8.294,21.351],[8.226,21.311],[8.158,21.271],[8.09,21.231],[8.022,21.19],[7.954,21.15],[7.886,21.11],[7.818,21.07],[7.75,21.03],[7.682,20.99],[7.614,20.95],[7.483,20.873],[7.384,20.792],[7.312,20.733],[7.241,20.675],[7.169,20.617],[7.098,20.559],[7.021,20.495],[6.983,20.464],[6.925,20.414],[6.862,20.36],[6.799,20.306],[6.736,20.251],[6.673,20.197],[6.61,20.143],[6.547,20.089],[6.484,20.034],[6.421,19.98],[6.358,19.926],[6.295,19.872],[6.232,19.817],[6.169,19.763],[6.106,19.709],[6.043,19.655],[5.979,19.601],[5.916,19.546],[5.838,19.479],[5.794,19.45],[5.749,19.434],[5.62,19.409],[5.521,19.39],[5.302,19.348],[5.083,19.306],[4.983,19.287],[4.794,19.251],[4.606,19.215],[4.417,19.178],[4.229,19.142],[4.058,19.11],[3.887,19.079],[3.79,19.061],[3.716,19.047],[3.545,19.015],[3.44,18.996],[3.44,18.996],[3.359,18.977],[3.333,18.976],[3.318,18.978],[3.308,18.982],[3.285,18.996],[3.226,19.051],[3.18,19.07],[3.159,19.082],[3.139,19.096],[3.121,19.113],[3.104,19.136],[3.103,19.154],[3.112,19.171],[3.127,19.193],[3.134,19.213],[3.139,19.222],[3.153,19.23],[3.174,19.252],[3.179,19.269],[3.184,19.308],[3.193,19.326],[3.212,19.341],[3.233,19.352],[3.251,19.365],[3.261,19.388],[3.258,19.41],[3.247,19.426],[3.235,19.441],[3.226,19.46],[3.226,19.469],[3.232,19.489],[3.232,19.495],[3.228,19.504],[3.223,19.508],[3.218,19.511],[3.212,19.517],[3.199,19.554],[3.198,19.592],[3.217,19.794],[3.213,19.808],[3.199,19.821],[3.183,19.828],[3.147,19.838],[3.13,19.845],[3.073,19.889],[2.946,19.942],[2.672,19.996],[2.617,19.998],[2.526,20.015],[2.515,20.016],[2.495,20.02],[2.459,20.039],[2.44,20.046],[2.416,20.051],[2.4,20.057],[2.389,20.067],[2.348,20.138],[2.316,20.18],[2.28,20.218],[2.218,20.264],[2.201,20.274],[2.182,20.279],[2.161,20.275],[2.138,20.261],[2.097,20.224],[2.071,20.213],[2.056,20.215],[1.993,20.236],[1.983,20.242],[1.976,20.248],[1.967,20.253],[1.955,20.255],[1.941,20.251],[1.924,20.236],[1.913,20.231],[1.891,20.232],[1.884,20.244],[1.88,20.263],[1.871,20.284],[1.855,20.295],[1.839,20.296],[1.821,20.294],[1.799,20.295],[1.778,20.304],[1.659,20.398],[1.649,20.412],[1.65,20.487],[1.644,20.523],[1.624,20.551],[1.56,20.598],[1.52,20.617],[1.483,20.623],[1.466,20.634],[1.447,20.639],[1.407,20.645],[1.364,20.658],[1.347,20.669],[1.332,20.688],[1.311,20.723],[1.297,20.733],[1.273,20.739],[1.252,20.739],[1.212,20.731],[1.191,20.731],[1.169,20.733],[1.155,20.739],[1.147,20.751],[1.145,20.776],[1.145,20.796],[1.168,20.886],[1.18,20.995],[1.178,21.017],[1.159,21.082],[1.147,21.102],[1.029,21.178],[0.943,21.235],[0.856,21.292],[0.769,21.348],[0.683,21.405],[0.596,21.462],[0.509,21.518],[0.423,21.575],[0.336,21.632],[0.249,21.688],[0.163,21.745],[0.076,21.801],[0.004,21.849],[-0.01,21.858],[-0.097,21.915],[-0.184,21.971],[-0.27,22.028],[-0.357,22.085],[-0.444,22.141],[-0.53,22.198],[-0.617,22.255],[-0.704,22.311],[-0.79,22.368],[-0.877,22.425],[-0.964,22.481],[-1.05,22.538],[-1.137,22.595],[-1.224,22.651],[-1.31,22.708],[-1.397,22.765],[-1.483,22.821],[-1.57,22.878],[-1.657,22.935],[-1.743,22.991],[-1.83,23.048],[-1.917,23.104],[-2.003,23.161],[-2.09,23.218],[-2.177,23.274],[-2.263,23.331],[-2.35,23.388],[-2.437,23.444],[-2.523,23.501],[-2.61,23.558],[-2.696,23.614],[-2.783,23.671],[-2.87,23.728],[-2.956,23.784],[-3.043,23.841],[-3.13,23.898],[-3.209,23.95],[-3.289,24.002],[-3.369,24.054],[-3.449,24.106],[-3.528,24.158],[-3.608,24.21],[-3.688,24.262],[-3.767,24.314],[-3.847,24.367],[-3.927,24.419],[-4.006,24.471],[-4.086,24.523],[-4.166,24.575],[-4.245,24.627],[-4.325,24.679],[-4.405,24.731],[-4.516,24.804],[-4.592,24.852],[-4.669,24.899],[-4.745,24.947],[-4.821,24.995],[-4.821,24.995],[-4.822,24.995],[-4.822,24.995]]]}},{"type":"Feature","properties":{"cc":"TN"},"geometry":{"type":"MultiPolygon","coordinates":[[[[11.505,33.181],[11.506,33.136],[11.477,33.041],[11.475,33.026],[11.474,32.97],[11.457,32.902],[11.464,32.798],[11.449,32.693],[11.45,32.638],[11.47,32.599],[11.537,32.544],[11.561,32.508],[11.564,32.465],[11.546,32.434],[11.526,32.418],[11.514,32.408],[11.444,32.368],[11.182,32.262],[10.873,32.137],[10.846,32.112],[10.806,32.032],[10.773,32.005],[10.737,31.985],[10.703,31.962],[10.684,31.957],[10.665,31.963],[10.647,31.972],[10.628,31.974],[10.606,31.954],[10.598,31.874],[10.585,31.84],[10.542,31.807],[10.526,31.772],[10.514,31.757],[10.499,31.744],[10.483,31.733],[10.428,31.715],[10.315,31.716],[10.264,31.68],[10.196,31.579],[10.133,31.518],[10.117,31.494],[10.106,31.429],[10.108,31.412],[10.183,31.241],[10.213,31.135],[10.245,31.078],[10.246,31.06],[10.241,31.021],[10.245,30.986],[10.27,30.916],[10.27,30.882],[10.254,30.842],[10.192,30.731],[10.101,30.642],[9.996,30.495],[9.871,30.355],[9.846,30.342],[9.773,30.338],[9.743,30.331],[9.52,30.229],[9.491,30.339],[9.463,30.449],[9.435,30.559],[9.406,30.669],[9.378,30.779],[9.35,30.889],[9.321,30.999],[9.293,31.109],[9.264,31.219],[9.236,31.329],[9.208,31.439],[9.179,31.549],[9.151,31.66],[9.123,31.77],[9.095,31.88],[9.066,31.99],[9.063,32.0],[9.045,32.072],[9.034,32.091],[9.02,32.105],[8.852,32.208],[8.642,32.337],[8.483,32.435],[8.36,32.501],[8.333,32.526],[8.331,32.528],[8.32,32.561],[8.31,32.664],[8.296,32.804],[8.283,32.836],[8.181,32.97],[8.087,33.094],[8.065,33.106],[8.044,33.102],[8.023,33.103],[8.002,33.108],[7.983,33.117],[7.872,33.184],[7.835,33.195],[7.788,33.198],[7.751,33.208],[7.725,33.231],[7.71,33.278],[7.708,33.411],[7.708,33.415],[7.693,33.454],[7.617,33.566],[7.553,33.659],[7.544,33.684],[7.534,33.736],[7.505,33.783],[7.499,33.8],[7.485,33.855],[7.48,33.894],[7.501,33.994],[7.504,34.068],[7.517,34.095],[7.539,34.114],[7.58,34.148],[7.604,34.175],[7.631,34.199],[7.67,34.215],[7.734,34.224],[7.753,34.232],[7.765,34.245],[7.774,34.261],[7.812,34.379],[7.832,34.414],[7.871,34.438],[7.957,34.469],[7.999,34.494],[8.094,34.53],[8.102,34.536],[8.144,34.567],[8.167,34.579],[8.175,34.585],[8.18,34.592],[8.187,34.61],[8.193,34.618],[8.229,34.636],[8.236,34.648],[8.211,34.681],[8.213,34.697],[8.225,34.712],[8.257,34.74],[8.259,34.741],[8.267,34.75],[8.269,34.764],[8.251,34.865],[8.249,34.902],[8.259,34.941],[8.283,34.994],[8.3,35.068],[8.314,35.103],[8.361,35.146],[8.421,35.222],[8.431,35.242],[8.397,35.264],[8.355,35.274],[8.317,35.289],[8.294,35.325],[8.288,35.366],[8.29,35.403],[8.301,35.437],[8.337,35.508],[8.337,35.538],[8.327,35.621],[8.324,35.652],[8.307,35.685],[8.258,35.75],[8.246,35.785],[8.241,35.828],[8.247,35.907],[8.268,35.97],[8.272,35.982],[8.276,36.037],[8.297,36.11],[8.308,36.127],[8.317,36.146],[8.315,36.164],[8.307,36.182],[8.302,36.202],[8.307,36.244],[8.354,36.351],[8.355,36.356],[8.358,36.37],[8.36,36.411],[8.358,36.43],[8.349,36.449],[8.334,36.456],[8.315,36.461],[8.296,36.469],[8.209,36.478],[8.168,36.491],[8.168,36.492],[8.17,36.526],[8.193,36.549],[8.222,36.564],[8.287,36.583],[8.408,36.643],[8.43,36.663],[8.453,36.698],[8.462,36.733],[8.442,36.753],[8.407,36.768],[8.413,36.784],[8.444,36.796],[8.483,36.8],[8.52,36.798],[8.554,36.804],[8.624,36.826],[8.642,36.836],[8.643,36.849],[8.608,36.891],[8.605,36.901],[8.606,36.913],[8.603,36.94],[8.621,36.946],[8.692,36.969],[8.717,36.973],[8.802,36.973],[8.824,36.979],[8.866,37.008],[8.896,37.019],[8.904,37.022],[8.926,37.039],[8.957,37.069],[8.988,37.117],[9.001,37.124],[9.011,37.128],[9.039,37.152],[9.049,37.157],[9.079,37.167],[9.159,37.193],[9.171,37.199],[9.192,37.226],[9.211,37.234],[9.343,37.235],[9.381,37.247],[9.405,37.269],[9.419,37.276],[9.433,37.271],[9.443,37.267],[9.454,37.268],[9.465,37.272],[9.494,37.278],[9.517,37.287],[9.539,37.298],[9.553,37.31],[9.573,37.3],[9.591,37.303],[9.628,37.323],[9.649,37.332],[9.666,37.335],[9.71,37.336],[9.732,37.343],[9.745,37.345],[9.755,37.34],[9.763,37.334],[9.773,37.331],[9.859,37.329],[9.859,37.326],[9.861,37.316],[9.862,37.271],[9.831,37.251],[9.793,37.238],[9.772,37.213],[9.775,37.206],[9.791,37.178],[9.796,37.172],[9.802,37.169],[9.808,37.155],[9.816,37.152],[9.86,37.147],[9.88,37.15],[9.902,37.165],[9.914,37.178],[9.925,37.197],[9.925,37.213],[9.861,37.234],[9.852,37.233],[9.831,37.228],[9.82,37.228],[9.82,37.234],[9.844,37.247],[9.854,37.249],[9.86,37.254],[9.864,37.259],[9.867,37.262],[9.882,37.264],[9.98,37.246],[9.998,37.247],[10.051,37.267],[10.06,37.265],[10.076,37.245],[10.146,37.237],[10.179,37.213],[10.253,37.191],[10.272,37.179],[10.24,37.172],[10.225,37.167],[10.211,37.159],[10.206,37.175],[10.178,37.178],[10.146,37.171],[10.128,37.159],[10.135,37.142],[10.162,37.134],[10.192,37.133],[10.211,37.138],[10.218,37.129],[10.227,37.118],[10.23,37.108],[10.224,37.096],[10.218,37.11],[10.174,37.076],[10.182,37.027],[10.22,36.977],[10.266,36.939],[10.303,36.924],[10.314,36.918],[10.337,36.892],[10.347,36.88],[10.342,36.869],[10.319,36.85],[10.309,36.83],[10.299,36.822],[10.285,36.82],[10.272,36.829],[10.28,36.844],[10.27,36.848],[10.253,36.846],[10.22,36.838],[10.211,36.832],[10.194,36.812],[10.188,36.798],[10.203,36.793],[10.234,36.792],[10.247,36.786],[10.254,36.791],[10.257,36.794],[10.272,36.816],[10.294,36.778],[10.32,36.749],[10.355,36.731],[10.403,36.727],[10.417,36.73],[10.437,36.729],[10.488,36.75],[10.519,36.756],[10.538,36.772],[10.546,36.8],[10.553,36.823],[10.567,36.863],[10.585,36.876],[10.606,36.88],[10.653,36.877],[10.695,36.883],[10.733,36.896],[10.783,36.924],[10.814,36.95],[10.823,36.954],[10.827,36.963],[10.83,36.968],[10.888,37.006],[10.896,37.014],[10.898,37.025],[10.895,37.032],[10.893,37.039],[10.902,37.049],[10.924,37.057],[10.974,37.061],[11.013,37.085],[11.033,37.087],[11.051,37.08],[11.06,37.062],[11.059,37.054],[11.049,37.042],[11.046,37.031],[11.048,37.02],[11.058,37.006],[11.06,36.997],[11.064,36.99],[11.081,36.969],[11.088,36.959],[11.09,36.95],[11.092,36.928],[11.094,36.918],[11.099,36.911],[11.106,36.902],[11.113,36.894],[11.118,36.891],[11.124,36.886],[11.136,36.871],[11.131,36.854],[11.117,36.838],[11.077,36.825],[11.022,36.788],[10.993,36.744],[10.95,36.694],[10.88,36.588],[10.826,36.48],[10.8,36.452],[10.717,36.435],[10.62,36.39],[10.586,36.398],[10.551,36.377],[10.519,36.337],[10.505,36.299],[10.491,36.258],[10.479,36.217],[10.477,36.166],[10.475,36.112],[10.48,36.079],[10.492,36.045],[10.5,36.027],[10.505,36.021],[10.509,36.011],[10.515,35.989],[10.519,35.98],[10.541,35.953],[10.556,35.938],[10.57,35.932],[10.582,35.922],[10.609,35.856],[10.622,35.843],[10.691,35.79],[10.694,35.788],[10.713,35.779],[10.744,35.77],[10.804,35.787],[10.814,35.785],[10.823,35.78],[10.841,35.767],[10.83,35.753],[10.825,35.733],[10.83,35.713],[10.841,35.699],[10.882,35.683],[10.972,35.654],[11.012,35.658],[11.041,35.638],[11.055,35.614],[11.017,35.602],[11.012,35.579],[11.014,35.563],[11.015,35.555],[11.024,35.534],[11.039,35.519],[11.085,35.507],[11.058,35.487],[11.051,35.46],[11.046,35.435],[11.049,35.391],[11.037,35.371],[11.042,35.334],[11.066,35.303],[11.101,35.267],[11.122,35.254],[11.147,35.244],[11.161,35.238],[11.159,35.219],[11.131,35.218],[11.112,35.206],[11.092,35.174],[11.063,35.154],[11.049,35.131],[11.035,35.107],[11.016,35.093],[11.022,35.065],[11.018,35.034],[10.984,34.999],[10.946,34.984],[10.918,34.957],[10.925,34.934],[10.917,34.913],[10.916,34.874],[10.875,34.849],[10.867,34.841],[10.86,34.837],[10.856,34.831],[10.867,34.811],[10.871,34.797],[10.835,34.783],[10.811,34.769],[10.779,34.74],[10.763,34.713],[10.744,34.699],[10.735,34.681],[10.717,34.665],[10.701,34.656],[10.634,34.638],[10.625,34.633],[10.621,34.626],[10.62,34.616],[10.615,34.604],[10.607,34.593],[10.606,34.574],[10.599,34.562],[10.597,34.545],[10.582,34.533],[10.559,34.523],[10.466,34.512],[10.432,34.496],[10.379,34.423],[10.33,34.413],[10.32,34.413],[10.311,34.417],[10.3,34.418],[10.288,34.414],[10.282,34.409],[10.278,34.403],[10.257,34.379],[10.247,34.372],[10.234,34.369],[10.187,34.352],[10.167,34.339],[10.127,34.326],[10.102,34.304],[10.09,34.273],[10.054,34.213],[10.033,34.185],[10.019,34.181],[10.01,34.173],[10.01,34.173],[10.005,34.171],[10.015,34.153],[10.018,34.133],[10.018,34.092],[10.021,34.073],[10.036,34.034],[10.039,34.016],[10.049,33.983],[10.071,33.946],[10.163,33.836],[10.173,33.828],[10.187,33.822],[10.33,33.703],[10.368,33.684],[10.446,33.655],[10.46,33.653],[10.489,33.647],[10.558,33.656],[10.634,33.674],[10.698,33.703],[10.717,33.707],[10.74,33.672],[10.737,33.603],[10.708,33.582],[10.691,33.576],[10.679,33.563],[10.674,33.546],[10.68,33.53],[10.704,33.496],[10.717,33.484],[10.738,33.478],[10.781,33.486],[10.856,33.524],[10.892,33.533],[10.909,33.54],[10.925,33.555],[10.933,33.574],[10.926,33.591],[10.909,33.608],[10.907,33.616],[10.936,33.636],[10.948,33.629],[10.961,33.628],[10.971,33.632],[10.978,33.643],[10.985,33.643],[11.001,33.634],[11.043,33.618],[11.06,33.608],[11.074,33.594],[11.108,33.55],[11.112,33.54],[11.117,33.49],[11.09,33.454],[11.111,33.393],[11.102,33.364],[11.131,33.372],[11.151,33.354],[11.171,33.332],[11.194,33.321],[11.218,33.316],[11.269,33.294],[11.294,33.287],[11.287,33.282],[11.284,33.281],[11.28,33.28],[11.182,33.307],[11.134,33.311],[11.122,33.28],[11.132,33.268],[11.148,33.257],[11.163,33.243],[11.17,33.221],[11.18,33.211],[11.202,33.211],[11.245,33.218],[11.288,33.21],[11.372,33.184],[11.417,33.184],[11.433,33.194],[11.428,33.207],[11.411,33.219],[11.393,33.224],[11.381,33.231],[11.367,33.245],[11.352,33.259],[11.442,33.205],[11.498,33.183],[11.505,33.181],[11.505,33.181]]],[[[10.991,33.842],[11.011,33.832],[11.031,33.824],[11.049,33.815],[11.06,33.801],[10.994,33.75],[10.977,33.743],[10.971,33.739],[10.966,33.73],[10.957,33.698],[10.95,33.698],[10.954,33.724],[10.957,33.732],[10.941,33.728],[10.928,33.697],[10.911,33.674],[10.894,33.658],[10.888,33.64],[10.871,33.654],[10.871,33.672],[10.877,33.688],[10.859,33.711],[10.842,33.718],[10.826,33.73],[10.809,33.734],[10.79,33.719],[10.782,33.704],[10.763,33.7],[10.74,33.715],[10.734,33.731],[10.728,33.758],[10.728,33.785],[10.748,33.813],[10.735,33.854],[10.736,33.885],[10.773,33.896],[10.854,33.882],[10.898,33.879],[10.93,33.896],[10.96,33.866],[10.991,33.842]]],[[[10.964,34.657],[10.974,34.663],[10.987,34.672],[11.101,34.671],[11.111,34.66],[11.096,34.647],[11.056,34.621],[11.036,34.624],[11.017,34.633],[10.983,34.646],[10.964,34.657]]],[[[11.266,34.773],[11.275,34.77],[11.281,34.763],[11.305,34.742],[11.297,34.729],[11.2,34.695],[11.149,34.669],[11.131,34.663],[11.122,34.68],[11.136,34.694],[11.153,34.707],[11.171,34.729],[11.173,34.742],[11.172,34.749],[11.173,34.758],[11.181,34.762],[11.183,34.752],[11.198,34.744],[11.222,34.748],[11.224,34.77],[11.218,34.782],[11.225,34.795],[11.237,34.804],[11.245,34.815],[11.254,34.826],[11.271,34.818],[11.299,34.814],[11.304,34.805],[11.278,34.798],[11.274,34.792],[11.268,34.785],[11.266,34.773]]]]}},{"type":"Feature","properties":{"cc":"LY"},"geometry":{"type":"Polygon","coordinates":[[[11.505,33.181],[11.526,33.177],[11.56,33.166],[11.575,33.158],[11.588,33.132],[11.603,33.121],[11.636,33.109],[11.757,33.093],[11.793,33.081],[11.773,33.099],[11.708,33.117],[11.691,33.136],[11.739,33.113],[11.847,33.083],[12.081,32.958],[12.122,32.921],[12.161,32.912],[12.225,32.876],[12.304,32.843],[12.348,32.833],[12.73,32.799],[12.824,32.804],[13.074,32.866],[13.115,32.882],[13.148,32.904],[13.165,32.913],[13.188,32.916],[13.257,32.919],[13.352,32.904],[13.363,32.9],[13.374,32.892],[13.571,32.803],[13.617,32.793],[13.787,32.8],[13.83,32.794],[13.915,32.773],[13.991,32.745],[14.176,32.718],[14.185,32.715],[14.203,32.7],[14.209,32.697],[14.226,32.691],[14.262,32.66],[14.317,32.63],[14.404,32.567],[14.449,32.525],[14.469,32.519],[14.632,32.496],[14.648,32.488],[14.663,32.477],[14.707,32.456],[14.727,32.451],[14.911,32.444],[15.115,32.413],[15.16,32.399],[15.182,32.395],[15.196,32.39],[15.233,32.347],[15.27,32.329],[15.283,32.317],[15.292,32.281],[15.301,32.261],[15.323,32.224],[15.365,32.175],[15.37,32.159],[15.369,32.138],[15.36,32.102],[15.357,32.062],[15.355,32.039],[15.361,31.965],[15.37,31.929],[15.49,31.665],[15.514,31.628],[15.623,31.497],[15.688,31.438],[15.761,31.388],[16.045,31.276],[16.359,31.227],[16.728,31.224],[16.942,31.183],[17.16,31.119],[17.331,31.086],[17.366,31.087],[17.375,31.083],[17.382,31.079],[17.419,31.062],[17.447,31.039],[17.458,31.033],[17.467,31.03],[17.614,30.992],[17.692,30.96],[17.776,30.935],[17.849,30.924],[17.862,30.914],[17.889,30.878],[17.907,30.864],[17.927,30.855],[18.017,30.838],[18.175,30.786],[18.208,30.769],[18.236,30.747],[18.324,30.657],[18.568,30.5],[18.623,30.446],[18.653,30.422],[18.719,30.392],[18.761,30.384],[18.781,30.376],[18.926,30.293],[18.968,30.278],[19.057,30.266],[19.146,30.265],[19.24,30.274],[19.292,30.287],[19.339,30.299],[19.419,30.333],[19.531,30.397],[19.551,30.405],[19.596,30.412],[19.616,30.421],[19.749,30.511],[19.914,30.683],[19.958,30.75],[19.982,30.779],[20.019,30.804],[20.036,30.819],[20.1,30.935],[20.147,31.046],[20.152,31.088],[20.147,31.217],[20.128,31.243],[20.103,31.309],[20.082,31.337],[20.038,31.376],[20.022,31.397],[19.955,31.559],[19.949,31.601],[19.948,31.645],[19.944,31.661],[19.927,31.699],[19.921,31.718],[19.917,31.759],[19.92,31.805],[19.934,31.888],[19.948,31.926],[19.946,31.936],[19.942,31.947],[19.94,31.958],[19.945,31.968],[19.957,31.983],[20.048,32.146],[20.072,32.176],[20.262,32.34],[20.277,32.361],[20.325,32.41],[20.346,32.42],[20.386,32.435],[20.403,32.447],[20.417,32.459],[20.563,32.558],[20.797,32.643],[20.934,32.723],[21.051,32.772],[21.097,32.781],[21.287,32.771],[21.332,32.775],[21.415,32.793],[21.455,32.813],[21.609,32.931],[21.623,32.937],[21.672,32.94],[21.716,32.95],[21.744,32.931],[21.787,32.916],[21.836,32.907],[21.877,32.903],[22.096,32.923],[22.101,32.926],[22.112,32.941],[22.117,32.944],[22.139,32.948],[22.15,32.948],[22.161,32.944],[22.169,32.938],[22.171,32.933],[22.171,32.926],[22.175,32.916],[22.207,32.888],[22.247,32.881],[22.34,32.882],[22.379,32.87],[22.477,32.807],[22.497,32.797],[22.514,32.791],[22.532,32.788],[22.579,32.785],[22.813,32.725],[22.867,32.694],[22.885,32.69],[22.896,32.688],[22.929,32.677],[22.943,32.675],[22.977,32.677],[23.0,32.671],[23.041,32.653],[23.086,32.646],[23.106,32.64],[23.119,32.629],[23.121,32.615],[23.115,32.605],[23.098,32.587],[23.094,32.577],[23.104,32.516],[23.113,32.501],[23.129,32.488],[23.149,32.478],[23.141,32.459],[23.128,32.395],[23.109,32.402],[23.112,32.412],[23.11,32.42],[23.103,32.428],[23.094,32.436],[23.079,32.354],[23.081,32.334],[23.096,32.324],[23.157,32.304],[23.179,32.3],[23.195,32.292],[23.215,32.272],[23.231,32.251],[23.244,32.221],[23.257,32.214],[23.273,32.21],[23.285,32.204],[23.293,32.192],[23.303,32.171],[23.312,32.163],[23.31,32.179],[23.299,32.224],[23.318,32.218],[23.362,32.217],[23.371,32.214],[23.399,32.194],[23.405,32.191],[23.531,32.181],[23.67,32.183],[23.84,32.149],[23.999,32.094],[23.975,32.074],[23.971,32.067],[23.979,32.062],[24.005,32.053],[24.068,32.011],[24.091,32.006],[24.281,32.008],[24.546,31.991],[24.636,32.015],[24.659,32.029],[24.67,32.032],[24.711,32.026],[24.719,32.028],[24.726,32.031],[24.734,32.033],[24.742,32.029],[24.746,32.026],[24.758,32.02],[24.772,32.017],[24.792,32.008],[24.824,32.003],[24.865,31.989],[24.982,31.968],[25.018,31.949],[25.033,31.916],[25.024,31.877],[25.022,31.855],[25.03,31.837],[25.064,31.804],[25.117,31.738],[25.122,31.721],[25.137,31.693],[25.156,31.663],[25.153,31.66],[25.151,31.656],[25.088,31.614],[25.06,31.579],[25.024,31.494],[24.861,31.38],[24.849,31.349],[24.849,31.312],[24.859,31.228],[24.859,31.146],[24.883,31.039],[24.89,31.019],[24.925,30.957],[24.938,30.906],[24.981,30.825],[24.995,30.785],[24.989,30.751],[24.974,30.716],[24.961,30.676],[24.951,30.621],[24.92,30.552],[24.917,30.532],[24.908,30.499],[24.888,30.464],[24.83,30.388],[24.799,30.361],[24.772,30.331],[24.763,30.317],[24.746,30.283],[24.705,30.218],[24.689,30.183],[24.688,30.144],[24.697,30.123],[24.726,30.078],[24.812,29.891],[24.816,29.868],[24.815,29.849],[24.798,29.796],[24.805,29.755],[24.856,29.679],[24.871,29.638],[24.871,29.614],[24.862,29.542],[24.864,29.503],[24.874,29.468],[24.957,29.293],[24.974,29.239],[24.981,29.181],[24.981,29.058],[24.981,28.89],[24.981,28.492],[24.981,28.097],[24.981,28.019],[24.981,27.667],[24.981,27.628],[24.981,27.475],[24.981,27.138],[24.981,27.049],[24.981,26.86],[24.981,26.665],[24.981,26.373],[24.981,26.081],[24.981,25.789],[24.981,25.497],[24.981,25.205],[24.981,24.914],[24.981,24.622],[24.981,24.33],[24.981,24.038],[24.981,23.746],[24.981,23.454],[24.981,23.163],[24.981,22.871],[24.981,22.579],[24.981,22.287],[24.981,21.995],[24.981,21.871],[24.981,21.746],[24.981,21.622],[24.981,21.497],[24.981,21.372],[24.981,21.248],[24.981,21.123],[24.981,20.999],[24.981,20.874],[24.981,20.75],[24.981,20.625],[24.981,20.5],[24.981,20.405],[24.981,20.31],[24.981,20.215],[24.981,20.12],[24.981,20.008],[24.981,20.002],[24.98,20.001],[24.979,19.999],[24.978,19.997],[24.977,19.996],[24.975,19.996],[24.972,19.995],[24.97,19.995],[24.968,19.995],[24.867,19.995],[24.721,19.995],[24.599,19.995],[24.475,19.995],[24.341,19.995],[24.228,19.995],[24.142,19.995],[23.981,19.995],[23.981,19.871],[23.981,19.746],[23.981,19.621],[23.981,19.496],[23.858,19.557],[23.734,19.618],[23.611,19.679],[23.487,19.74],[23.364,19.801],[23.24,19.862],[23.117,19.923],[22.993,19.984],[22.87,20.045],[22.746,20.106],[22.623,20.167],[22.499,20.228],[22.376,20.289],[22.252,20.35],[22.129,20.411],[22.005,20.472],[21.881,20.533],[21.758,20.594],[21.634,20.655],[21.511,20.716],[21.387,20.777],[21.264,20.838],[21.14,20.899],[21.017,20.96],[20.893,21.021],[20.77,21.082],[20.646,21.143],[20.523,21.204],[20.399,21.265],[20.276,21.326],[20.152,21.387],[20.029,21.448],[19.905,21.509],[19.782,21.57],[19.658,21.631],[19.535,21.692],[19.411,21.753],[19.288,21.814],[19.186,21.864],[19.164,21.875],[19.041,21.936],[18.917,21.997],[18.794,22.058],[18.67,22.119],[18.547,22.18],[18.423,22.241],[18.3,22.302],[18.176,22.363],[18.052,22.424],[17.929,22.485],[17.805,22.546],[17.682,22.607],[17.558,22.668],[17.435,22.729],[17.311,22.79],[17.188,22.851],[17.064,22.912],[16.941,22.973],[16.817,23.034],[16.694,23.095],[16.57,23.156],[16.447,23.217],[16.323,23.278],[16.2,23.339],[16.076,23.4],[15.985,23.445],[15.965,23.442],[15.92,23.422],[15.863,23.396],[15.805,23.37],[15.747,23.344],[15.69,23.318],[15.632,23.291],[15.574,23.265],[15.516,23.239],[15.459,23.213],[15.401,23.187],[15.343,23.161],[15.286,23.134],[15.228,23.108],[15.17,23.082],[15.113,23.056],[15.055,23.03],[14.997,23.004],[14.98,22.996],[14.979,22.995],[14.979,22.995],[14.808,22.909],[14.637,22.823],[14.466,22.736],[14.295,22.65],[14.232,22.618],[14.216,22.616],[14.202,22.623],[14.156,22.661],[14.031,22.764],[13.906,22.867],[13.781,22.97],[13.656,23.073],[13.6,23.119],[13.482,23.18],[13.381,23.202],[13.292,23.222],[13.204,23.242],[13.116,23.261],[13.028,23.281],[12.939,23.301],[12.851,23.32],[12.763,23.34],[12.675,23.36],[12.586,23.38],[12.498,23.399],[12.41,23.419],[12.322,23.439],[12.234,23.458],[12.145,23.478],[12.057,23.498],[11.969,23.517],[11.892,23.66],[11.822,23.791],[11.71,24.0],[11.709,24.003],[11.636,24.138],[11.567,24.267],[11.541,24.298],[11.509,24.314],[11.467,24.326],[11.15,24.422],[10.911,24.495],[10.721,24.552],[10.699,24.556],[10.677,24.554],[10.567,24.516],[10.45,24.477],[10.411,24.473],[10.392,24.48],[10.26,24.577],[10.242,24.595],[10.23,24.63],[10.212,24.723],[10.193,24.75],[10.045,24.83],[10.032,24.856],[10.03,24.995],[10.026,25.136],[10.021,25.268],[10.008,25.331],[9.97,25.395],[9.817,25.588],[9.694,25.743],[9.541,25.936],[9.401,26.113],[9.378,26.169],[9.403,26.216],[9.416,26.232],[9.435,26.272],[9.469,26.301],[9.478,26.316],[9.481,26.333],[9.483,26.353],[9.836,26.504],[9.855,26.524],[9.896,26.653],[9.894,26.674],[9.883,26.702],[9.885,26.737],[9.911,26.843],[9.907,26.857],[9.891,26.87],[9.846,26.892],[9.835,26.901],[9.826,26.921],[9.806,27.025],[9.721,27.292],[9.722,27.308],[9.727,27.325],[9.743,27.364],[9.756,27.423],[9.771,27.444],[9.814,27.486],[9.822,27.506],[9.812,27.527],[9.797,27.549],[9.794,27.57],[9.819,27.586],[9.847,27.599],[9.863,27.619],[9.931,27.819],[9.934,27.827],[9.936,27.867],[9.79,28.209],[9.777,28.268],[9.827,28.619],[9.851,28.786],[9.848,28.976],[9.826,29.129],[9.747,29.368],[9.668,29.608],[9.55,29.802],[9.422,29.969],[9.369,30.023],[9.31,30.084],[9.287,30.117],[9.52,30.229],[9.743,30.331],[9.773,30.338],[9.846,30.342],[9.871,30.355],[9.996,30.495],[10.101,30.642],[10.192,30.731],[10.254,30.842],[10.27,30.882],[10.27,30.916],[10.245,30.986],[10.241,31.021],[10.246,31.06],[10.245,31.078],[10.213,31.135],[10.183,31.241],[10.108,31.412],[10.106,31.429],[10.117,31.494],[10.133,31.518],[10.196,31.579],[10.264,31.68],[10.315,31.716],[10.428,31.715],[10.483,31.733],[10.499,31.744],[10.514,31.757],[10.526,31.772],[10.542,31.807],[10.585,31.84],[10.598,31.874],[10.606,31.954],[10.628,31.974],[10.647,31.972],[10.665,31.963],[10.684,31.957],[10.703,31.962],[10.737,31.985],[10.773,32.005],[10.806,32.032],[10.846,32.112],[10.873,32.137],[11.182,32.262],[11.444,32.368],[11.514,32.408],[11.526,32.418],[11.546,32.434],[11.564,32.465],[11.561,32.508],[11.537,32.544],[11.47,32.599],[11.45,32.638],[11.449,32.693],[11.464,32.798],[11.457,32.902],[11.474,32.97],[11.475,33.026],[11.477,33.041],[11.506,33.136],[11.505,33.181]]]}},{"type":"Feature","properties":{"cc":"EG"},"geometry":{"type":"MultiPolygon","coordinates":[[[[34.248,31.211],[34.259,31.184],[34.298,31.079],[34.33,30.994],[34.368,30.907],[34.419,30.791],[34.48,30.651],[34.502,30.572],[34.504,30.53],[34.51,30.513],[34.526,30.495],[34.536,30.482],[34.536,30.469],[34.527,30.439],[34.525,30.421],[34.527,30.41],[34.534,30.4],[34.588,30.359],[34.599,30.345],[34.633,30.262],[34.692,30.115],[34.73,30.018],[34.733,30.013],[34.735,30.007],[34.736,30.001],[34.735,29.995],[34.741,29.94],[34.785,29.836],[34.824,29.742],[34.85,29.639],[34.848,29.57],[34.855,29.546],[34.878,29.504],[34.887,29.49],[34.875,29.485],[34.867,29.479],[34.86,29.472],[34.853,29.463],[34.847,29.451],[34.844,29.441],[34.838,29.433],[34.825,29.429],[34.829,29.428],[34.832,29.428],[34.833,29.426],[34.833,29.421],[34.824,29.417],[34.818,29.412],[34.815,29.406],[34.819,29.401],[34.81,29.399],[34.805,29.396],[34.806,29.393],[34.812,29.388],[34.801,29.378],[34.778,29.346],[34.773,29.342],[34.762,29.337],[34.757,29.333],[34.753,29.327],[34.75,29.321],[34.745,29.316],[34.737,29.311],[34.737,29.305],[34.745,29.291],[34.742,29.277],[34.734,29.263],[34.729,29.25],[34.729,29.199],[34.724,29.187],[34.712,29.177],[34.7,29.17],[34.695,29.164],[34.694,29.15],[34.69,29.134],[34.684,29.119],[34.675,29.107],[34.677,29.095],[34.675,29.034],[34.677,29.025],[34.687,29.012],[34.689,29.0],[34.686,28.989],[34.678,28.983],[34.669,28.98],[34.647,28.967],[34.643,28.962],[34.64,28.949],[34.641,28.943],[34.646,28.922],[34.647,28.863],[34.62,28.846],[34.62,28.84],[34.623,28.831],[34.626,28.817],[34.626,28.802],[34.62,28.791],[34.624,28.787],[34.627,28.783],[34.633,28.771],[34.624,28.765],[34.623,28.76],[34.625,28.754],[34.627,28.746],[34.625,28.736],[34.62,28.729],[34.615,28.724],[34.613,28.719],[34.608,28.701],[34.584,28.672],[34.57,28.626],[34.53,28.573],[34.517,28.544],[34.516,28.541],[34.516,28.539],[34.515,28.537],[34.511,28.538],[34.524,28.507],[34.512,28.488],[34.489,28.473],[34.469,28.455],[34.472,28.453],[34.473,28.453],[34.475,28.448],[34.462,28.442],[34.454,28.429],[34.445,28.384],[34.441,28.373],[34.429,28.357],[34.427,28.356],[34.424,28.345],[34.41,28.32],[34.407,28.308],[34.408,28.291],[34.411,28.278],[34.415,28.267],[34.421,28.256],[34.421,28.25],[34.413,28.233],[34.421,28.218],[34.434,28.204],[34.443,28.188],[34.452,28.18],[34.455,28.175],[34.455,28.167],[34.453,28.163],[34.45,28.16],[34.449,28.157],[34.448,28.145],[34.439,28.11],[34.427,28.082],[34.444,28.054],[34.427,27.983],[34.435,27.976],[34.409,27.972],[34.401,27.969],[34.397,27.963],[34.394,27.954],[34.39,27.945],[34.377,27.938],[34.371,27.924],[34.363,27.92],[34.355,27.92],[34.341,27.915],[34.331,27.914],[34.333,27.91],[34.334,27.909],[34.334,27.909],[34.339,27.907],[34.331,27.892],[34.321,27.861],[34.311,27.852],[34.304,27.852],[34.301,27.857],[34.293,27.86],[34.286,27.864],[34.279,27.858],[34.273,27.836],[34.264,27.825],[34.272,27.812],[34.259,27.802],[34.24,27.794],[34.226,27.791],[34.217,27.792],[34.214,27.791],[34.218,27.776],[34.221,27.77],[34.257,27.77],[34.257,27.763],[34.25,27.763],[34.25,27.756],[34.255,27.752],[34.258,27.748],[34.264,27.736],[34.254,27.74],[34.25,27.743],[34.251,27.739],[34.251,27.737],[34.252,27.736],[34.257,27.736],[34.257,27.729],[34.25,27.729],[34.245,27.737],[34.228,27.758],[34.209,27.776],[34.2,27.782],[34.19,27.787],[34.175,27.791],[34.078,27.801],[34.054,27.815],[33.988,27.887],[33.982,27.89],[33.974,27.889],[33.917,27.936],[33.904,27.942],[33.891,27.943],[33.879,27.935],[33.866,27.961],[33.859,27.955],[33.85,27.965],[33.815,27.991],[33.807,27.995],[33.804,27.996],[33.8,28.0],[33.797,28.009],[33.794,28.013],[33.787,28.018],[33.779,28.021],[33.763,28.024],[33.764,28.049],[33.716,28.075],[33.716,28.093],[33.701,28.104],[33.684,28.124],[33.673,28.146],[33.675,28.161],[33.67,28.164],[33.666,28.166],[33.662,28.169],[33.66,28.175],[33.654,28.175],[33.654,28.167],[33.647,28.167],[33.644,28.172],[33.635,28.181],[33.633,28.184],[33.618,28.233],[33.613,28.241],[33.606,28.236],[33.598,28.25],[33.574,28.281],[33.565,28.297],[33.434,28.366],[33.428,28.377],[33.423,28.378],[33.4,28.414],[33.381,28.43],[33.369,28.442],[33.369,28.448],[33.305,28.49],[33.295,28.499],[33.29,28.507],[33.287,28.515],[33.279,28.528],[33.268,28.539],[33.256,28.544],[33.262,28.552],[33.262,28.544],[33.27,28.544],[33.263,28.577],[33.246,28.579],[33.238,28.566],[33.256,28.552],[33.239,28.557],[33.229,28.569],[33.223,28.588],[33.219,28.628],[33.213,28.645],[33.195,28.675],[33.205,28.695],[33.218,28.741],[33.228,28.764],[33.216,28.777],[33.21,28.785],[33.205,28.805],[33.198,28.81],[33.189,28.813],[33.181,28.819],[33.175,28.837],[33.171,28.881],[33.167,28.894],[33.167,28.9],[33.176,28.91],[33.178,28.918],[33.174,28.941],[33.172,28.947],[33.168,28.961],[33.166,28.976],[33.171,28.983],[33.178,28.99],[33.171,29.003],[33.159,29.014],[33.153,29.013],[33.151,29.024],[33.145,29.032],[33.136,29.035],[33.126,29.031],[33.116,29.043],[33.089,29.056],[33.079,29.065],[33.066,29.09],[33.064,29.096],[33.061,29.101],[33.047,29.112],[33.043,29.116],[33.04,29.118],[33.023,29.141],[33.02,29.142],[33.012,29.146],[33.009,29.147],[33.007,29.15],[33.005,29.158],[33.003,29.161],[32.958,29.202],[32.942,29.207],[32.92,29.218],[32.899,29.231],[32.886,29.243],[32.88,29.259],[32.875,29.279],[32.868,29.297],[32.855,29.305],[32.846,29.308],[32.839,29.316],[32.819,29.359],[32.817,29.36],[32.821,29.397],[32.817,29.414],[32.79,29.425],[32.742,29.456],[32.749,29.456],[32.745,29.463],[32.741,29.467],[32.736,29.468],[32.729,29.47],[32.731,29.472],[32.734,29.474],[32.735,29.477],[32.735,29.484],[32.729,29.484],[32.724,29.475],[32.721,29.467],[32.723,29.461],[32.729,29.456],[32.715,29.456],[32.723,29.493],[32.724,29.54],[32.712,29.58],[32.681,29.6],[32.681,29.606],[32.687,29.618],[32.686,29.632],[32.682,29.647],[32.681,29.661],[32.683,29.676],[32.692,29.697],[32.694,29.706],[32.693,29.723],[32.691,29.734],[32.687,29.742],[32.681,29.751],[32.656,29.777],[32.653,29.788],[32.648,29.795],[32.625,29.815],[32.605,29.824],[32.61,29.834],[32.62,29.843],[32.625,29.846],[32.625,29.874],[32.612,29.894],[32.572,29.929],[32.58,29.934],[32.584,29.939],[32.584,29.943],[32.578,29.949],[32.584,29.951],[32.585,29.952],[32.584,29.954],[32.578,29.956],[32.574,29.962],[32.569,29.968],[32.563,29.972],[32.562,29.976],[32.563,29.979],[32.566,29.981],[32.57,29.983],[32.578,29.984],[32.578,29.99],[32.575,29.997],[32.575,30.003],[32.578,30.011],[32.572,30.011],[32.559,29.987],[32.557,29.976],[32.56,29.969],[32.566,29.963],[32.57,29.956],[32.572,29.943],[32.564,29.943],[32.562,29.955],[32.554,29.962],[32.543,29.963],[32.53,29.956],[32.513,29.962],[32.494,29.951],[32.477,29.932],[32.468,29.915],[32.467,29.897],[32.473,29.882],[32.487,29.872],[32.51,29.867],[32.492,29.854],[32.408,29.752],[32.403,29.744],[32.393,29.734],[32.364,29.688],[32.358,29.672],[32.357,29.631],[32.352,29.614],[32.338,29.6],[32.338,29.592],[32.348,29.585],[32.36,29.571],[32.369,29.557],[32.377,29.536],[32.388,29.526],[32.439,29.497],[32.451,29.487],[32.497,29.44],[32.529,29.424],[32.557,29.398],[32.581,29.369],[32.591,29.35],[32.595,29.325],[32.605,29.292],[32.619,29.261],[32.632,29.243],[32.632,29.237],[32.629,29.219],[32.656,29.121],[32.659,29.111],[32.66,29.089],[32.654,29.081],[32.644,29.073],[32.639,29.061],[32.628,29.057],[32.625,29.048],[32.632,29.038],[32.627,29.008],[32.625,28.973],[32.632,28.962],[32.663,28.934],[32.673,28.922],[32.677,28.911],[32.677,28.891],[32.681,28.881],[32.703,28.859],[32.708,28.856],[32.749,28.805],[32.785,28.799],[32.807,28.778],[32.821,28.748],[32.865,28.6],[32.869,28.579],[32.88,28.575],[32.927,28.552],[32.951,28.531],[32.964,28.518],[32.973,28.5],[32.983,28.497],[32.994,28.494],[33.003,28.489],[33.006,28.483],[33.013,28.463],[33.042,28.414],[33.051,28.407],[33.051,28.403],[33.05,28.401],[33.047,28.401],[33.043,28.401],[33.088,28.369],[33.107,28.347],[33.105,28.326],[33.113,28.32],[33.12,28.309],[33.125,28.296],[33.126,28.288],[33.131,28.284],[33.153,28.256],[33.201,28.211],[33.212,28.19],[33.222,28.185],[33.234,28.18],[33.242,28.175],[33.247,28.162],[33.246,28.15],[33.249,28.143],[33.266,28.14],[33.283,28.132],[33.316,28.096],[33.338,28.085],[33.337,28.079],[33.338,28.071],[33.338,28.065],[33.336,28.057],[33.344,28.051],[33.355,28.048],[33.366,28.051],[33.375,28.036],[33.397,28.027],[33.442,28.017],[33.513,27.959],[33.535,27.916],[33.547,27.907],[33.554,27.896],[33.576,27.85],[33.578,27.838],[33.578,27.832],[33.583,27.825],[33.587,27.805],[33.592,27.797],[33.592,27.791],[33.585,27.791],[33.572,27.791],[33.56,27.813],[33.536,27.826],[33.51,27.835],[33.489,27.846],[33.482,27.846],[33.476,27.832],[33.473,27.823],[33.475,27.816],[33.482,27.805],[33.501,27.788],[33.512,27.775],[33.516,27.76],[33.523,27.752],[33.537,27.756],[33.551,27.762],[33.558,27.76],[33.556,27.746],[33.553,27.732],[33.546,27.718],[33.537,27.708],[33.541,27.705],[33.546,27.698],[33.55,27.695],[33.569,27.683],[33.575,27.681],[33.578,27.677],[33.588,27.659],[33.592,27.653],[33.592,27.647],[33.582,27.654],[33.558,27.681],[33.55,27.681],[33.55,27.674],[33.554,27.669],[33.558,27.66],[33.55,27.66],[33.544,27.679],[33.527,27.678],[33.507,27.664],[33.496,27.647],[33.52,27.636],[33.536,27.616],[33.565,27.572],[33.561,27.565],[33.558,27.557],[33.557,27.548],[33.558,27.537],[33.574,27.526],[33.618,27.508],[33.633,27.496],[33.636,27.487],[33.637,27.465],[33.64,27.455],[33.647,27.446],[33.664,27.43],[33.671,27.42],[33.678,27.4],[33.685,27.356],[33.692,27.342],[33.725,27.314],[33.763,27.29],[33.806,27.272],[33.825,27.26],[33.838,27.243],[33.841,27.232],[33.838,27.194],[33.836,27.191],[33.827,27.184],[33.825,27.18],[33.825,27.175],[33.83,27.166],[33.832,27.16],[33.833,27.138],[33.837,27.121],[33.847,27.107],[33.866,27.095],[33.883,27.081],[33.901,27.059],[33.909,27.042],[33.894,27.044],[33.894,27.028],[33.901,27.014],[33.921,26.989],[33.929,26.974],[33.942,26.945],[33.952,26.931],[33.964,26.922],[33.979,26.915],[33.991,26.907],[33.996,26.897],[34.003,26.865],[34.004,26.849],[33.996,26.838],[33.98,26.837],[33.969,26.846],[33.96,26.85],[33.948,26.831],[33.946,26.818],[33.946,26.8],[33.948,26.782],[33.952,26.769],[33.952,26.743],[33.932,26.683],[33.941,26.654],[33.955,26.643],[33.988,26.634],[34.004,26.626],[34.014,26.612],[34.024,26.581],[34.056,26.542],[34.071,26.515],[34.105,26.427],[34.12,26.4],[34.14,26.372],[34.153,26.347],[34.178,26.315],[34.262,26.139],[34.301,26.088],[34.339,26.002],[34.417,25.903],[34.425,25.89],[34.435,25.862],[34.502,25.772],[34.538,25.736],[34.547,25.725],[34.633,25.569],[34.647,25.522],[34.671,25.48],[34.682,25.429],[34.7,25.401],[34.743,25.351],[34.749,25.339],[34.759,25.31],[34.765,25.296],[34.795,25.254],[34.807,25.212],[34.853,25.139],[34.939,25.003],[34.943,24.971],[34.954,24.944],[34.97,24.926],[34.99,24.905],[34.993,24.887],[34.994,24.849],[34.997,24.831],[35.002,24.816],[35.01,24.804],[35.022,24.795],[35.038,24.786],[35.063,24.764],[35.081,24.735],[35.104,24.657],[35.11,24.644],[35.127,24.618],[35.146,24.586],[35.16,24.575],[35.161,24.558],[35.144,24.528],[35.145,24.5],[35.186,24.486],[35.235,24.4],[35.371,24.306],[35.392,24.283],[35.429,24.186],[35.456,24.159],[35.494,24.109],[35.511,24.111],[35.503,24.125],[35.494,24.139],[35.504,24.141],[35.524,24.121],[35.552,24.11],[35.588,24.076],[35.603,24.048],[35.605,24.019],[35.636,24.002],[35.667,24.007],[35.691,24.001],[35.717,23.993],[35.739,23.983],[35.754,23.969],[35.775,23.924],[35.793,23.902],[35.786,23.893],[35.771,23.912],[35.75,23.932],[35.736,23.933],[35.7,23.918],[35.685,23.911],[35.664,23.919],[35.646,23.926],[35.627,23.929],[35.614,23.927],[35.599,23.929],[35.58,23.936],[35.573,23.945],[35.562,23.957],[35.551,23.96],[35.551,23.965],[35.535,23.972],[35.514,23.977],[35.505,23.971],[35.491,23.948],[35.484,23.918],[35.491,23.87],[35.481,23.828],[35.475,23.798],[35.483,23.772],[35.502,23.769],[35.51,23.756],[35.509,23.742],[35.506,23.735],[35.508,23.718],[35.509,23.706],[35.51,23.684],[35.506,23.642],[35.504,23.556],[35.501,23.54],[35.492,23.512],[35.489,23.497],[35.493,23.482],[35.503,23.467],[35.524,23.439],[35.541,23.41],[35.548,23.394],[35.551,23.378],[35.55,23.33],[35.558,23.282],[35.567,23.245],[35.575,23.213],[35.621,23.139],[35.429,22.978],[35.212,22.786],[35.346,22.902],[35.487,23.023],[35.621,23.139],[35.635,23.111],[35.655,23.074],[35.668,22.983],[35.675,22.967],[35.695,22.932],[35.737,22.884],[35.764,22.87],[35.752,22.886],[35.723,22.932],[35.743,22.931],[35.756,22.922],[35.764,22.908],[35.771,22.89],[35.782,22.841],[35.785,22.833],[35.801,22.823],[35.81,22.811],[35.817,22.799],[35.83,22.785],[35.848,22.763],[35.886,22.736],[35.922,22.722],[35.94,22.717],[35.943,22.713],[35.956,22.704],[35.969,22.698],[35.984,22.694],[36.04,22.69],[36.121,22.676],[36.198,22.652],[36.226,22.635],[36.275,22.592],[36.291,22.568],[36.296,22.522],[36.313,22.492],[36.343,22.467],[36.375,22.445],[36.39,22.439],[36.405,22.433],[36.402,22.449],[36.407,22.449],[36.428,22.426],[36.423,22.398],[36.44,22.356],[36.508,22.328],[36.541,22.31],[36.563,22.297],[36.623,22.25],[36.714,22.169],[36.733,22.16],[36.748,22.161],[36.751,22.167],[36.753,22.173],[36.757,22.177],[36.765,22.175],[36.782,22.164],[36.79,22.158],[36.796,22.151],[36.809,22.121],[36.818,22.109],[36.833,22.096],[36.872,22.074],[36.895,22.066],[36.899,22.03],[36.898,22.017],[36.892,22.007],[36.884,21.997],[36.884,21.996],[36.65,21.996],[36.417,21.996],[36.185,21.996],[35.952,21.996],[35.719,21.996],[35.486,21.996],[35.254,21.996],[35.021,21.996],[34.789,21.996],[34.556,21.996],[34.323,21.995],[34.09,21.995],[34.084,21.995],[34.076,21.995],[33.858,21.995],[33.625,21.995],[33.392,21.995],[33.181,21.995],[33.16,21.995],[33.159,21.995],[33.057,21.995],[32.955,21.995],[32.853,21.995],[32.75,21.995],[32.648,21.995],[32.545,21.995],[32.525,21.995],[32.443,21.995],[32.341,21.995],[32.238,21.995],[32.136,21.995],[32.034,21.995],[31.931,21.995],[31.829,21.995],[31.727,21.995],[31.624,21.995],[31.522,21.995],[31.495,21.995],[31.435,21.995],[31.467,22.084],[31.491,22.148],[31.492,22.173],[31.483,22.195],[31.461,22.215],[31.443,22.224],[31.423,22.227],[31.404,22.224],[31.385,22.214],[31.36,22.188],[31.314,22.102],[31.311,22.096],[31.262,22.002],[31.248,21.994],[31.21,21.994],[31.113,21.994],[31.016,21.994],[30.918,21.994],[30.821,21.994],[30.723,21.994],[30.626,21.994],[30.529,21.994],[30.432,21.994],[30.334,21.995],[30.237,21.995],[30.139,21.995],[30.042,21.995],[29.945,21.995],[29.848,21.995],[29.75,21.995],[29.653,21.995],[29.556,21.995],[29.458,21.995],[29.361,21.995],[29.264,21.995],[29.166,21.995],[29.069,21.995],[28.972,21.995],[28.874,21.995],[28.777,21.995],[28.68,21.995],[28.582,21.995],[28.485,21.995],[28.388,21.995],[28.29,21.995],[28.193,21.995],[28.096,21.995],[27.998,21.995],[27.901,21.995],[27.804,21.995],[27.706,21.995],[27.609,21.995],[27.512,21.995],[27.414,21.995],[27.317,21.995],[27.22,21.995],[27.122,21.995],[27.025,21.995],[26.928,21.995],[26.83,21.995],[26.733,21.995],[26.636,21.995],[26.538,21.995],[26.441,21.995],[26.344,21.995],[26.247,21.995],[26.149,21.995],[26.052,21.995],[25.954,21.995],[25.857,21.995],[25.76,21.995],[25.663,21.995],[25.565,21.995],[25.468,21.995],[25.371,21.995],[25.273,21.995],[25.176,21.995],[25.078,21.995],[24.981,21.995],[24.981,22.287],[24.981,22.579],[24.981,22.871],[24.981,23.163],[24.981,23.454],[24.981,23.746],[24.981,24.038],[24.981,24.33],[24.981,24.622],[24.981,24.914],[24.981,25.205],[24.981,25.497],[24.981,25.789],[24.981,26.081],[24.981,26.373],[24.981,26.665],[24.981,26.86],[24.981,27.049],[24.981,27.138],[24.981,27.475],[24.981,27.628],[24.981,27.667],[24.981,28.019],[24.981,28.097],[24.981,28.492],[24.981,28.89],[24.981,29.058],[24.981,29.181],[24.974,29.239],[24.957,29.293],[24.874,29.468],[24.864,29.503],[24.862,29.542],[24.871,29.614],[24.871,29.638],[24.856,29.679],[24.805,29.755],[24.798,29.796],[24.815,29.849],[24.816,29.868],[24.812,29.891],[24.726,30.078],[24.697,30.123],[24.688,30.144],[24.689,30.183],[24.705,30.218],[24.746,30.283],[24.763,30.317],[24.772,30.331],[24.799,30.361],[24.83,30.388],[24.888,30.464],[24.908,30.499],[24.917,30.532],[24.92,30.552],[24.951,30.621],[24.961,30.676],[24.974,30.716],[24.989,30.751],[24.995,30.785],[24.981,30.825],[24.938,30.906],[24.925,30.957],[24.89,31.019],[24.883,31.039],[24.859,31.146],[24.859,31.228],[24.849,31.312],[24.849,31.349],[24.861,31.38],[25.024,31.494],[25.06,31.579],[25.088,31.614],[25.151,31.656],[25.149,31.649],[25.162,31.584],[25.173,31.552],[25.191,31.531],[25.213,31.526],[25.263,31.524],[25.302,31.507],[25.323,31.506],[25.369,31.512],[25.378,31.51],[25.39,31.505],[25.402,31.503],[25.42,31.512],[25.445,31.518],[25.474,31.52],[25.636,31.561],[25.824,31.615],[25.869,31.621],[25.967,31.617],[26.362,31.522],[26.651,31.489],[26.667,31.481],[26.683,31.476],[26.733,31.479],[26.753,31.477],[26.825,31.448],[26.866,31.437],[26.912,31.437],[26.948,31.448],[26.966,31.45],[26.983,31.44],[26.996,31.429],[27.007,31.425],[27.016,31.424],[27.027,31.422],[27.054,31.409],[27.117,31.39],[27.185,31.384],[27.21,31.378],[27.226,31.368],[27.232,31.372],[27.242,31.377],[27.246,31.381],[27.258,31.38],[27.321,31.381],[27.327,31.379],[27.335,31.375],[27.342,31.368],[27.342,31.365],[27.34,31.361],[27.342,31.354],[27.35,31.341],[27.354,31.336],[27.359,31.333],[27.362,31.331],[27.364,31.315],[27.366,31.31],[27.374,31.298],[27.383,31.268],[27.394,31.255],[27.417,31.237],[27.446,31.223],[27.478,31.214],[27.541,31.206],[27.565,31.197],[27.588,31.193],[27.61,31.203],[27.66,31.18],[27.719,31.189],[27.836,31.238],[27.853,31.24],[27.863,31.234],[27.869,31.219],[27.87,31.2],[27.873,31.192],[27.89,31.155],[27.894,31.123],[27.897,31.114],[27.927,31.099],[27.975,31.093],[28.155,31.093],[28.166,31.091],[28.175,31.085],[28.183,31.078],[28.191,31.073],[28.204,31.071],[28.234,31.073],[28.256,31.071],[28.299,31.062],[28.318,31.06],[28.339,31.064],[28.382,31.083],[28.405,31.086],[28.424,31.083],[28.442,31.076],[28.458,31.067],[28.47,31.056],[28.479,31.052],[28.514,31.052],[28.528,31.05],[28.538,31.047],[28.555,31.039],[28.733,30.984],[28.768,30.967],[28.788,30.96],[28.812,30.957],[28.818,30.951],[28.825,30.924],[28.829,30.915],[28.836,30.911],[28.854,30.906],[29.028,30.827],[29.189,30.833],[29.219,30.838],[29.356,30.895],[29.503,30.957],[29.556,30.991],[29.598,31.01],[29.604,31.012],[29.611,31.022],[29.619,31.029],[29.766,31.122],[29.782,31.148],[29.809,31.142],[29.838,31.154],[29.885,31.19],[29.876,31.201],[29.872,31.2],[29.864,31.196],[29.869,31.206],[29.877,31.214],[29.885,31.214],[29.891,31.203],[29.898,31.203],[29.91,31.214],[29.956,31.25],[29.97,31.258],[29.983,31.263],[30.003,31.287],[30.011,31.293],[30.025,31.295],[30.033,31.3],[30.04,31.307],[30.049,31.313],[30.046,31.314],[30.043,31.314],[30.042,31.315],[30.042,31.321],[30.07,31.333],[30.067,31.305],[30.095,31.286],[30.098,31.285],[30.136,31.275],[30.173,31.271],[30.164,31.267],[30.153,31.256],[30.145,31.252],[30.144,31.247],[30.146,31.245],[30.149,31.245],[30.152,31.244],[30.14,31.237],[30.144,31.229],[30.155,31.222],[30.165,31.217],[30.207,31.238],[30.202,31.227],[30.207,31.221],[30.216,31.219],[30.22,31.22],[30.224,31.227],[30.255,31.252],[30.257,31.247],[30.258,31.246],[30.261,31.244],[30.264,31.25],[30.266,31.253],[30.268,31.257],[30.269,31.265],[30.275,31.265],[30.275,31.255],[30.277,31.246],[30.281,31.241],[30.289,31.238],[30.293,31.245],[30.303,31.271],[30.288,31.278],[30.273,31.275],[30.259,31.269],[30.241,31.265],[30.241,31.271],[30.244,31.272],[30.251,31.271],[30.255,31.271],[30.255,31.278],[30.238,31.274],[30.179,31.271],[30.179,31.278],[30.217,31.286],[30.252,31.303],[30.313,31.351],[30.334,31.381],[30.348,31.421],[30.352,31.463],[30.344,31.498],[30.351,31.498],[30.356,31.479],[30.365,31.46],[30.378,31.447],[30.399,31.443],[30.371,31.462],[30.356,31.491],[30.362,31.509],[30.399,31.491],[30.426,31.474],[30.456,31.463],[30.493,31.459],[30.536,31.464],[30.677,31.496],[30.974,31.587],[30.974,31.58],[30.959,31.578],[30.866,31.548],[30.789,31.51],[30.736,31.489],[30.693,31.464],[30.688,31.462],[30.674,31.46],[30.666,31.457],[30.628,31.434],[30.611,31.429],[30.571,31.427],[30.562,31.422],[30.558,31.422],[30.543,31.402],[30.543,31.395],[30.563,31.39],[30.57,31.39],[30.577,31.395],[30.584,31.395],[30.599,31.387],[30.627,31.389],[30.654,31.396],[30.666,31.406],[30.675,31.422],[30.695,31.417],[30.716,31.402],[30.728,31.388],[30.734,31.388],[30.741,31.406],[30.756,31.423],[30.775,31.437],[30.79,31.443],[30.799,31.446],[30.81,31.442],[30.823,31.435],[30.837,31.429],[30.847,31.43],[30.86,31.433],[30.874,31.435],[30.886,31.429],[30.883,31.428],[30.88,31.428],[30.878,31.427],[30.879,31.422],[30.892,31.419],[30.909,31.424],[30.926,31.433],[30.94,31.443],[30.937,31.444],[30.935,31.444],[30.933,31.445],[30.934,31.45],[30.937,31.452],[30.938,31.453],[30.938,31.454],[30.94,31.457],[30.974,31.444],[30.981,31.437],[30.99,31.443],[30.997,31.451],[31.008,31.471],[31.002,31.48],[31.006,31.486],[31.022,31.498],[31.025,31.504],[31.024,31.509],[31.023,31.514],[31.029,31.518],[31.035,31.52],[31.071,31.517],[31.081,31.514],[31.097,31.505],[31.1,31.501],[31.1,31.496],[31.102,31.492],[31.111,31.491],[31.119,31.493],[31.125,31.498],[31.129,31.504],[31.111,31.512],[31.118,31.516],[31.124,31.518],[31.13,31.517],[31.111,31.54],[31.071,31.565],[31.023,31.583],[30.978,31.584],[30.988,31.589],[31.012,31.597],[31.097,31.608],[31.129,31.605],[31.221,31.58],[31.35,31.53],[31.379,31.518],[31.42,31.491],[31.524,31.45],[31.557,31.443],[31.572,31.444],[31.597,31.444],[31.748,31.482],[31.838,31.525],[31.874,31.536],[31.913,31.535],[31.945,31.521],[31.959,31.494],[31.964,31.482],[31.996,31.446],[32.009,31.417],[32.025,31.4],[32.057,31.375],[32.068,31.371],[32.092,31.366],[32.094,31.366],[32.104,31.361],[32.129,31.337],[32.135,31.333],[32.15,31.328],[32.189,31.301],[32.2,31.295],[32.169,31.301],[32.07,31.354],[32.076,31.354],[32.08,31.354],[32.083,31.353],[32.091,31.347],[32.088,31.354],[32.084,31.359],[32.077,31.361],[32.056,31.363],[32.051,31.366],[32.049,31.371],[32.044,31.375],[32.017,31.388],[32.007,31.395],[32.002,31.395],[31.995,31.395],[31.992,31.409],[31.986,31.42],[31.978,31.43],[31.968,31.437],[31.981,31.437],[31.994,31.438],[31.943,31.492],[31.932,31.508],[31.918,31.524],[31.907,31.53],[31.906,31.525],[31.889,31.532],[31.883,31.529],[31.879,31.518],[31.865,31.525],[31.865,31.522],[31.866,31.515],[31.865,31.512],[31.862,31.514],[31.855,31.517],[31.851,31.518],[31.851,31.511],[31.849,31.505],[31.845,31.498],[31.865,31.498],[31.86,31.487],[31.875,31.463],[31.872,31.45],[31.879,31.45],[31.879,31.443],[31.872,31.443],[31.874,31.439],[31.877,31.434],[31.879,31.429],[31.872,31.429],[31.869,31.441],[31.862,31.451],[31.852,31.456],[31.838,31.457],[31.842,31.465],[31.838,31.465],[31.83,31.459],[31.824,31.443],[31.83,31.443],[31.834,31.444],[31.838,31.45],[31.845,31.445],[31.851,31.443],[31.858,31.443],[31.858,31.437],[31.851,31.437],[31.851,31.429],[31.855,31.423],[31.861,31.419],[31.868,31.417],[31.879,31.416],[31.872,31.41],[31.862,31.408],[31.852,31.41],[31.845,31.416],[31.838,31.416],[31.839,31.411],[31.837,31.41],[31.834,31.41],[31.83,31.409],[31.835,31.406],[31.839,31.402],[31.845,31.395],[31.831,31.38],[31.828,31.368],[31.837,31.362],[31.858,31.361],[31.858,31.354],[31.845,31.356],[31.834,31.36],[31.825,31.361],[31.817,31.354],[31.811,31.354],[31.804,31.36],[31.797,31.36],[31.792,31.354],[31.79,31.343],[31.794,31.338],[31.801,31.335],[31.803,31.331],[31.79,31.327],[31.79,31.321],[31.796,31.311],[31.789,31.307],[31.778,31.305],[31.769,31.299],[31.767,31.285],[31.773,31.276],[31.784,31.273],[31.795,31.278],[31.796,31.278],[31.794,31.28],[31.793,31.28],[31.792,31.281],[31.79,31.285],[31.804,31.28],[31.811,31.279],[31.821,31.278],[31.829,31.274],[31.83,31.265],[31.83,31.256],[31.834,31.252],[31.845,31.249],[31.861,31.242],[31.876,31.233],[31.886,31.224],[31.893,31.24],[31.899,31.247],[31.906,31.252],[31.902,31.242],[31.901,31.236],[31.902,31.231],[31.906,31.224],[31.893,31.224],[31.893,31.217],[31.906,31.217],[31.903,31.215],[31.9,31.213],[31.898,31.21],[31.899,31.203],[31.904,31.204],[31.907,31.206],[31.909,31.208],[31.913,31.211],[31.914,31.209],[31.914,31.206],[31.915,31.204],[31.92,31.203],[31.92,31.211],[31.927,31.211],[31.922,31.196],[31.926,31.187],[31.935,31.188],[31.94,31.203],[31.952,31.205],[31.968,31.219],[31.987,31.23],[32.009,31.224],[31.995,31.224],[31.995,31.217],[32.009,31.211],[32.012,31.215],[32.018,31.219],[32.023,31.224],[32.037,31.217],[32.037,31.211],[32.033,31.206],[32.031,31.203],[32.03,31.19],[32.041,31.194],[32.044,31.196],[32.042,31.188],[32.04,31.182],[32.037,31.179],[32.03,31.176],[32.03,31.17],[32.036,31.161],[32.037,31.15],[32.016,31.135],[32.016,31.128],[32.027,31.128],[32.035,31.13],[32.041,31.134],[32.044,31.142],[32.05,31.142],[32.051,31.131],[32.052,31.129],[32.055,31.123],[32.061,31.117],[32.07,31.114],[32.07,31.107],[32.06,31.105],[32.053,31.101],[32.048,31.095],[32.044,31.086],[32.049,31.085],[32.057,31.08],[32.067,31.085],[32.076,31.086],[32.084,31.084],[32.091,31.08],[32.091,31.073],[32.084,31.073],[32.084,31.066],[32.094,31.059],[32.106,31.053],[32.12,31.053],[32.132,31.06],[32.132,31.066],[32.117,31.066],[32.107,31.073],[32.101,31.083],[32.098,31.093],[32.113,31.091],[32.133,31.082],[32.143,31.08],[32.146,31.08],[32.138,31.093],[32.154,31.094],[32.159,31.093],[32.159,31.101],[32.155,31.102],[32.154,31.103],[32.154,31.104],[32.153,31.107],[32.154,31.108],[32.166,31.114],[32.167,31.108],[32.17,31.107],[32.174,31.108],[32.18,31.107],[32.176,31.118],[32.184,31.125],[32.195,31.126],[32.206,31.109],[32.219,31.105],[32.234,31.105],[32.248,31.107],[32.272,31.119],[32.283,31.137],[32.281,31.155],[32.262,31.17],[32.286,31.17],[32.287,31.17],[32.29,31.17],[32.295,31.199],[32.295,31.213],[32.29,31.23],[32.273,31.249],[32.271,31.258],[32.283,31.265],[32.268,31.273],[32.247,31.279],[32.226,31.282],[32.214,31.278],[32.207,31.295],[32.219,31.294],[32.233,31.293],[32.257,31.289],[32.3,31.281],[32.314,31.273],[32.32,31.273],[32.331,31.271],[32.334,31.255],[32.344,31.242],[32.359,31.233],[32.39,31.227],[32.401,31.217],[32.42,31.196],[32.463,31.161],[32.481,31.149],[32.51,31.107],[32.536,31.087],[32.566,31.071],[32.6,31.062],[32.602,31.061],[32.646,31.06],[32.688,31.064],[32.762,31.081],[32.851,31.119],[32.868,31.13],[32.909,31.148],[32.92,31.155],[32.927,31.155],[32.927,31.148],[32.895,31.137],[32.84,31.101],[32.807,31.093],[32.752,31.071],[32.667,31.052],[32.715,31.052],[32.715,31.046],[32.701,31.039],[32.731,31.039],[32.743,31.043],[32.749,31.052],[32.755,31.052],[32.756,31.047],[32.759,31.046],[32.764,31.046],[32.77,31.046],[32.831,31.08],[32.883,31.094],[32.893,31.101],[32.899,31.101],[32.903,31.095],[32.918,31.092],[32.914,31.087],[32.907,31.086],[32.907,31.08],[32.917,31.083],[32.941,31.093],[32.941,31.101],[32.914,31.101],[32.914,31.107],[32.927,31.112],[32.944,31.108],[32.959,31.098],[32.969,31.086],[32.971,31.081],[32.973,31.071],[32.975,31.066],[32.961,31.066],[32.994,31.056],[33.01,31.056],[33.023,31.066],[33.023,31.073],[33.014,31.078],[33.009,31.08],[33.009,31.086],[33.048,31.095],[33.057,31.101],[33.053,31.108],[33.055,31.116],[33.06,31.124],[33.064,31.135],[33.057,31.135],[33.051,31.128],[33.03,31.114],[33.027,31.111],[33.024,31.108],[33.024,31.105],[33.03,31.101],[33.017,31.098],[32.994,31.098],[32.971,31.101],[32.954,31.107],[32.985,31.11],[33.002,31.125],[33.014,31.145],[33.03,31.162],[33.042,31.167],[33.067,31.171],[33.079,31.176],[33.098,31.192],[33.109,31.196],[33.126,31.196],[33.126,31.19],[33.099,31.19],[33.099,31.183],[33.111,31.175],[33.147,31.135],[33.158,31.118],[33.154,31.112],[33.141,31.11],[33.126,31.101],[33.125,31.103],[33.125,31.106],[33.124,31.108],[33.119,31.107],[33.119,31.101],[33.136,31.091],[33.145,31.078],[33.144,31.063],[33.133,31.046],[33.169,31.058],[33.188,31.062],[33.201,31.06],[33.208,31.061],[33.212,31.061],[33.221,31.06],[33.221,31.066],[33.208,31.073],[33.201,31.073],[33.201,31.066],[33.195,31.066],[33.195,31.073],[33.248,31.091],[33.262,31.101],[33.27,31.101],[33.262,31.093],[33.27,31.086],[33.277,31.092],[33.285,31.093],[33.292,31.088],[33.297,31.08],[33.304,31.08],[33.305,31.088],[33.305,31.098],[33.303,31.1],[33.318,31.101],[33.308,31.105],[33.298,31.104],[33.289,31.105],[33.277,31.107],[33.386,31.114],[33.378,31.133],[33.391,31.136],[33.406,31.137],[33.406,31.155],[33.417,31.151],[33.421,31.148],[33.428,31.148],[33.441,31.151],[33.481,31.133],[33.5,31.128],[33.573,31.122],[33.592,31.114],[33.592,31.121],[33.615,31.115],[33.648,31.117],[33.854,31.163],[34.047,31.229],[34.198,31.313],[34.2,31.314],[34.225,31.276],[34.23,31.259],[34.248,31.211]],[[34.862,22.68],[34.778,22.5],[34.828,22.607],[34.862,22.68]],[[34.682,22.298],[34.423,22.249],[34.147,22.192],[34.321,22.226],[34.502,22.262],[34.682,22.298]]],[[[33.955,26.79],[33.971,26.791],[33.971,26.791],[33.976,26.79],[33.995,26.752],[34.003,26.732],[34.004,26.708],[33.99,26.72],[33.983,26.734],[33.955,26.79]]],[[[34.007,27.509],[34.028,27.502],[34.035,27.485],[34.038,27.467],[34.051,27.455],[34.051,27.449],[34.044,27.45],[34.031,27.451],[34.013,27.47],[34.007,27.476],[33.986,27.482],[33.976,27.487],[33.967,27.498],[33.956,27.504],[33.956,27.504],[33.934,27.495],[33.924,27.501],[33.917,27.513],[33.914,27.524],[33.919,27.53],[33.926,27.534],[33.933,27.536],[33.941,27.537],[33.964,27.534],[33.972,27.53],[33.981,27.525],[33.989,27.518],[33.994,27.514],[34.007,27.509]]],[[[34.585,27.955],[34.585,27.955],[34.601,27.943],[34.62,27.928],[34.62,27.92],[34.582,27.918],[34.547,27.92],[34.518,27.93],[34.498,27.953],[34.496,27.955],[34.498,27.969],[34.494,27.988],[34.49,27.996],[34.493,28.001],[34.494,28.002],[34.494,28.002],[34.496,27.996],[34.496,27.996],[34.5,28.004],[34.505,28.01],[34.511,28.014],[34.517,28.017],[34.517,28.017],[34.535,28.008],[34.541,28.003],[34.544,27.996],[34.518,27.991],[34.507,27.986],[34.503,27.976],[34.508,27.971],[34.512,27.967],[34.529,27.966],[34.558,27.97],[34.571,27.974],[34.573,27.972],[34.575,27.972],[34.58,27.966],[34.584,27.958],[34.585,27.955]]],[[[32.979,31.082],[32.975,31.086],[32.97,31.087],[32.977,31.091],[32.983,31.09],[32.987,31.084],[32.989,31.073],[32.979,31.082]]],[[[33.376,31.19],[33.406,31.184],[33.433,31.172],[33.476,31.142],[33.454,31.155],[33.299,31.213],[33.27,31.217],[33.301,31.216],[33.353,31.195],[33.376,31.19]]],[[[33.079,31.227],[33.105,31.24],[33.262,31.224],[33.256,31.219],[33.243,31.219],[33.213,31.224],[33.183,31.228],[33.153,31.232],[33.119,31.224],[33.103,31.227],[33.076,31.219],[32.956,31.163],[32.935,31.148],[32.946,31.163],[32.97,31.173],[32.989,31.182],[33.001,31.188],[33.015,31.197],[33.067,31.217],[33.079,31.227]]],[[[34.732,27.957],[34.732,27.919],[34.705,27.908],[34.681,27.915],[34.662,27.93],[34.682,27.959],[34.732,27.957]]]]}},{"type":"Feature","properties":{"cc":"SA"},"geometry":{"type":"MultiPolygon","coordinates":[[[[50.808,24.747],[50.881,24.636],[50.929,24.587],[50.979,24.568],[51.039,24.56],[51.095,24.56],[51.147,24.576],[51.215,24.626],[51.218,24.618],[51.269,24.624],[51.278,24.619],[51.286,24.608],[51.295,24.603],[51.306,24.611],[51.307,24.603],[51.306,24.594],[51.302,24.587],[51.296,24.584],[51.29,24.579],[51.292,24.568],[51.297,24.558],[51.3,24.556],[51.297,24.522],[51.302,24.517],[51.32,24.523],[51.334,24.532],[51.361,24.576],[51.375,24.589],[51.388,24.597],[51.396,24.608],[51.395,24.631],[51.41,24.624],[51.428,24.623],[51.444,24.62],[51.45,24.607],[51.455,24.594],[51.468,24.592],[51.483,24.592],[51.498,24.584],[51.498,24.576],[51.482,24.569],[51.461,24.563],[51.444,24.555],[51.436,24.539],[51.432,24.539],[51.41,24.516],[51.405,24.508],[51.4,24.495],[51.395,24.488],[51.336,24.448],[51.327,24.436],[51.324,24.431],[51.311,24.415],[51.306,24.406],[51.304,24.396],[51.302,24.374],[51.3,24.364],[51.299,24.359],[51.3,24.352],[51.3,24.346],[51.296,24.344],[51.285,24.344],[51.28,24.344],[51.279,24.341],[51.278,24.319],[51.279,24.308],[51.282,24.303],[51.345,24.298],[51.368,24.303],[51.38,24.31],[51.389,24.317],[51.398,24.322],[51.413,24.323],[51.479,24.311],[51.497,24.298],[51.526,24.268],[51.569,24.256],[51.576,24.218],[51.575,24.192],[51.573,24.128],[51.579,24.102],[51.594,24.078],[51.65,24.011],[51.703,23.949],[51.755,23.887],[51.807,23.824],[51.859,23.763],[51.911,23.701],[51.963,23.639],[52.016,23.576],[52.068,23.514],[52.12,23.453],[52.172,23.39],[52.224,23.328],[52.276,23.266],[52.328,23.204],[52.381,23.142],[52.433,23.08],[52.485,23.018],[52.538,22.955],[52.558,22.939],[52.583,22.931],[52.744,22.911],[52.883,22.894],[53.022,22.877],[53.161,22.86],[53.3,22.843],[53.439,22.826],[53.578,22.809],[53.717,22.792],[53.856,22.775],[53.995,22.757],[54.134,22.74],[54.273,22.723],[54.412,22.706],[54.551,22.689],[54.69,22.672],[54.829,22.655],[54.969,22.638],[55.105,22.621],[55.12,22.623],[55.187,22.704],[55.25,22.605],[55.331,22.481],[55.412,22.356],[55.493,22.231],[55.574,22.106],[55.627,22.024],[55.637,22.002],[55.638,21.979],[55.6,21.866],[55.595,21.851],[55.589,21.831],[55.57,21.775],[55.541,21.689],[55.504,21.576],[55.46,21.443],[55.41,21.294],[55.357,21.136],[55.345,21.097],[55.303,20.971],[55.248,20.807],[55.196,20.649],[55.146,20.5],[55.102,20.367],[55.064,20.254],[55.036,20.168],[55.017,20.112],[55.011,20.092],[54.978,19.995],[54.828,19.945],[54.657,19.888],[54.486,19.831],[54.315,19.774],[54.143,19.717],[53.972,19.66],[53.801,19.603],[53.63,19.546],[53.459,19.489],[53.288,19.432],[53.117,19.375],[52.946,19.318],[52.774,19.261],[52.603,19.204],[52.432,19.147],[52.261,19.09],[52.09,19.033],[51.979,18.996],[51.821,18.974],[51.66,18.953],[51.5,18.931],[51.34,18.91],[51.18,18.888],[51.02,18.867],[50.86,18.845],[50.699,18.824],[50.539,18.802],[50.379,18.78],[50.219,18.759],[50.059,18.737],[49.899,18.716],[49.738,18.694],[49.578,18.673],[49.418,18.651],[49.258,18.63],[49.129,18.612],[49.036,18.58],[48.991,18.558],[48.848,18.488],[48.676,18.404],[48.484,18.31],[48.313,18.227],[48.184,18.164],[48.162,18.149],[48.084,18.056],[47.994,17.948],[47.836,17.758],[47.686,17.58],[47.589,17.463],[47.572,17.432],[47.525,17.308],[47.458,17.131],[47.429,17.093],[47.428,17.092],[47.314,17.028],[47.191,16.959],[47.161,16.947],[47.129,16.943],[46.997,16.949],[46.983,16.949],[46.97,16.957],[46.886,17.07],[46.812,17.168],[46.747,17.255],[46.71,17.275],[46.488,17.246],[46.323,17.224],[46.08,17.248],[45.891,17.267],[45.642,17.291],[45.43,17.312],[45.385,17.326],[45.222,17.417],[45.165,17.428],[44.997,17.43],[44.972,17.43],[44.849,17.431],[44.646,17.432],[44.625,17.427],[44.562,17.404],[44.534,17.403],[44.465,17.416],[44.404,17.419],[44.307,17.409],[44.231,17.392],[44.212,17.391],[44.169,17.402],[44.149,17.405],[44.134,17.395],[44.12,17.37],[44.104,17.352],[44.085,17.343],[44.059,17.347],[44.021,17.366],[44.004,17.368],[43.982,17.357],[43.967,17.34],[43.954,17.32],[43.939,17.305],[43.915,17.302],[43.903,17.304],[43.897,17.307],[43.894,17.312],[43.89,17.32],[43.893,17.34],[43.893,17.351],[43.887,17.354],[43.863,17.347],[43.846,17.346],[43.806,17.35],[43.769,17.346],[43.751,17.346],[43.731,17.352],[43.689,17.384],[43.62,17.459],[43.577,17.483],[43.503,17.513],[43.487,17.517],[43.453,17.519],[43.435,17.523],[43.413,17.52],[43.391,17.512],[43.303,17.459],[43.216,17.387],[43.168,17.331],[43.165,17.326],[43.222,17.308],[43.242,17.293],[43.252,17.272],[43.249,17.252],[43.226,17.241],[43.203,17.236],[43.177,17.226],[43.156,17.21],[43.15,17.19],[43.151,17.167],[43.145,17.147],[43.124,17.107],[43.118,17.086],[43.122,17.07],[43.13,17.053],[43.136,17.031],[43.136,17.01],[43.132,16.99],[43.115,16.952],[43.109,16.927],[43.113,16.91],[43.134,16.871],[43.146,16.834],[43.157,16.825],[43.194,16.815],[43.205,16.808],[43.212,16.797],[43.213,16.784],[43.209,16.773],[43.201,16.768],[43.192,16.764],[43.183,16.758],[43.169,16.737],[43.171,16.723],[43.18,16.708],[43.186,16.685],[43.186,16.683],[43.18,16.665],[43.163,16.662],[43.123,16.673],[43.098,16.678],[43.085,16.673],[43.08,16.659],[43.079,16.638],[43.075,16.619],[43.049,16.553],[43.036,16.536],[43.015,16.521],[42.971,16.496],[42.956,16.491],[42.917,16.484],[42.907,16.479],[42.903,16.466],[42.906,16.451],[42.907,16.435],[42.898,16.419],[42.872,16.402],[42.837,16.387],[42.789,16.371],[42.788,16.374],[42.788,16.41],[42.781,16.42],[42.795,16.453],[42.788,16.472],[42.74,16.525],[42.729,16.547],[42.725,16.566],[42.726,16.61],[42.738,16.653],[42.737,16.671],[42.719,16.675],[42.726,16.683],[42.714,16.694],[42.704,16.709],[42.702,16.723],[42.712,16.731],[42.706,16.741],[42.678,16.765],[42.672,16.772],[42.659,16.79],[42.636,16.815],[42.629,16.82],[42.597,16.837],[42.587,16.838],[42.576,16.832],[42.542,16.878],[42.556,16.922],[42.549,16.938],[42.549,16.987],[42.544,17.004],[42.535,17.01],[42.525,17.015],[42.521,17.028],[42.513,17.037],[42.494,17.038],[42.474,17.037],[42.46,17.038],[42.448,17.049],[42.438,17.065],[42.425,17.093],[42.421,17.108],[42.416,17.142],[42.411,17.156],[42.402,17.164],[42.357,17.182],[42.359,17.165],[42.366,17.149],[42.384,17.121],[42.364,17.109],[42.374,17.043],[42.363,17.025],[42.357,17.046],[42.357,17.114],[42.353,17.135],[42.339,17.174],[42.322,17.309],[42.315,17.333],[42.311,17.351],[42.317,17.401],[42.315,17.422],[42.308,17.444],[42.302,17.454],[42.292,17.457],[42.281,17.458],[42.274,17.46],[42.269,17.465],[42.267,17.474],[42.261,17.485],[42.153,17.574],[42.144,17.577],[42.141,17.571],[42.134,17.58],[42.123,17.601],[42.104,17.628],[42.098,17.644],[42.094,17.652],[42.086,17.655],[42.063,17.651],[42.053,17.653],[42.049,17.666],[42.044,17.674],[42.0,17.717],[41.999,17.715],[41.992,17.713],[41.985,17.711],[41.979,17.711],[41.97,17.72],[41.939,17.762],[41.929,17.767],[41.869,17.821],[41.848,17.812],[41.81,17.837],[41.788,17.834],[41.778,17.86],[41.761,17.877],[41.739,17.891],[41.719,17.909],[41.677,17.961],[41.671,17.978],[41.672,17.99],[41.675,18.001],[41.674,18.009],[41.661,18.012],[41.654,18.015],[41.652,18.023],[41.653,18.031],[41.651,18.039],[41.609,18.075],[41.594,18.096],[41.603,18.115],[41.585,18.135],[41.578,18.146],[41.575,18.159],[41.571,18.165],[41.562,18.168],[41.556,18.174],[41.561,18.19],[41.541,18.192],[41.521,18.197],[41.524,18.201],[41.526,18.204],[41.528,18.207],[41.534,18.21],[41.528,18.222],[41.519,18.228],[41.507,18.228],[41.493,18.224],[41.5,18.233],[41.505,18.243],[41.506,18.252],[41.5,18.259],[41.506,18.272],[41.5,18.279],[41.488,18.281],[41.472,18.279],[41.475,18.293],[41.472,18.312],[41.465,18.331],[41.455,18.344],[41.451,18.356],[41.445,18.394],[41.442,18.402],[41.44,18.411],[41.438,18.464],[41.436,18.47],[41.433,18.474],[41.428,18.477],[41.421,18.478],[41.416,18.482],[41.414,18.49],[41.413,18.499],[41.411,18.506],[41.375,18.529],[41.37,18.536],[41.368,18.546],[41.363,18.559],[41.356,18.569],[41.34,18.576],[41.334,18.581],[41.33,18.585],[41.328,18.588],[41.322,18.586],[41.312,18.575],[41.308,18.573],[41.297,18.577],[41.286,18.584],[41.275,18.592],[41.267,18.601],[41.241,18.658],[41.229,18.673],[41.217,18.686],[41.21,18.698],[41.209,18.712],[41.212,18.731],[41.236,18.797],[41.24,18.817],[41.243,18.825],[41.248,18.828],[41.249,18.834],[41.24,18.848],[41.235,18.849],[41.213,18.86],[41.212,18.862],[41.171,18.872],[41.161,18.903],[41.16,18.909],[41.141,18.933],[41.136,18.937],[41.136,18.947],[41.137,18.958],[41.143,18.977],[41.148,18.988],[41.153,18.996],[41.157,19.004],[41.159,19.022],[41.164,19.043],[41.177,19.067],[41.168,19.082],[41.149,19.094],[41.13,19.102],[41.086,19.114],[41.069,19.125],[41.058,19.153],[41.044,19.174],[41.04,19.184],[41.041,19.195],[41.048,19.218],[41.048,19.227],[41.042,19.246],[41.04,19.256],[41.036,19.265],[41.018,19.274],[41.014,19.283],[41.009,19.304],[40.998,19.315],[40.983,19.323],[40.956,19.343],[40.958,19.346],[40.959,19.359],[40.957,19.369],[40.947,19.384],[40.945,19.393],[40.943,19.403],[40.938,19.419],[40.938,19.431],[40.945,19.441],[40.954,19.449],[40.959,19.456],[40.952,19.464],[40.955,19.475],[40.952,19.485],[40.947,19.494],[40.945,19.506],[40.859,19.534],[40.835,19.547],[40.785,19.596],[40.76,19.609],[40.76,19.615],[40.771,19.614],[40.794,19.601],[40.801,19.642],[40.798,19.692],[40.791,19.714],[40.745,19.777],[40.725,19.789],[40.674,19.795],[40.654,19.794],[40.645,19.785],[40.657,19.76],[40.642,19.771],[40.629,19.792],[40.62,19.812],[40.619,19.821],[40.605,19.83],[40.564,19.886],[40.534,19.904],[40.527,19.91],[40.528,19.918],[40.541,19.944],[40.535,19.962],[40.523,19.972],[40.492,19.985],[40.455,20.007],[40.446,20.01],[40.436,20.023],[40.428,20.026],[40.418,20.031],[40.394,20.064],[40.386,20.068],[40.361,20.074],[40.352,20.075],[40.334,20.08],[40.313,20.091],[40.268,20.125],[40.232,20.164],[40.239,20.178],[40.222,20.189],[40.196,20.196],[40.165,20.2],[40.159,20.205],[40.15,20.218],[40.134,20.232],[40.125,20.241],[40.126,20.246],[40.116,20.252],[40.084,20.279],[40.068,20.287],[40.045,20.286],[40.02,20.282],[40.0,20.275],[39.992,20.267],[39.968,20.275],[39.925,20.299],[39.903,20.308],[39.904,20.296],[39.91,20.288],[39.918,20.284],[39.927,20.277],[39.931,20.275],[39.941,20.269],[39.947,20.262],[39.941,20.259],[39.923,20.264],[39.825,20.32],[39.811,20.331],[39.798,20.337],[39.778,20.343],[39.76,20.351],[39.745,20.381],[39.727,20.397],[39.674,20.436],[39.646,20.462],[39.587,20.552],[39.567,20.568],[39.567,20.575],[39.577,20.575],[39.585,20.576],[39.591,20.58],[39.595,20.589],[39.579,20.591],[39.567,20.598],[39.543,20.619],[39.537,20.63],[39.531,20.659],[39.526,20.671],[39.493,20.706],[39.49,20.723],[39.506,20.746],[39.471,20.757],[39.458,20.759],[39.46,20.752],[39.465,20.746],[39.471,20.742],[39.478,20.739],[39.458,20.745],[39.436,20.757],[39.423,20.772],[39.43,20.787],[39.421,20.792],[39.417,20.798],[39.418,20.805],[39.423,20.814],[39.428,20.806],[39.435,20.801],[39.446,20.797],[39.458,20.794],[39.453,20.806],[39.451,20.812],[39.451,20.818],[39.449,20.827],[39.444,20.828],[39.437,20.826],[39.43,20.828],[39.417,20.847],[39.411,20.847],[39.41,20.828],[39.388,20.841],[39.36,20.863],[39.339,20.887],[39.341,20.91],[39.345,20.905],[39.353,20.899],[39.36,20.897],[39.362,20.904],[39.358,20.915],[39.353,20.92],[39.345,20.922],[39.337,20.927],[39.328,20.932],[39.317,20.93],[39.307,20.926],[39.297,20.924],[39.297,20.928],[39.269,20.969],[39.262,20.983],[39.26,21.0],[39.259,21.024],[39.256,21.033],[39.242,21.042],[39.239,21.051],[39.238,21.063],[39.234,21.067],[39.228,21.069],[39.185,21.097],[39.174,21.109],[39.168,21.136],[39.159,21.156],[39.157,21.168],[39.159,21.173],[39.168,21.185],[39.17,21.191],[39.163,21.206],[39.126,21.26],[39.112,21.268],[39.081,21.315],[39.16,21.38],[39.171,21.404],[39.172,21.436],[39.165,21.465],[39.15,21.48],[39.15,21.486],[39.16,21.494],[39.159,21.508],[39.143,21.541],[39.13,21.52],[39.12,21.517],[39.11,21.528],[39.101,21.548],[39.109,21.555],[39.092,21.577],[39.089,21.606],[39.09,21.637],[39.088,21.664],[39.077,21.692],[39.079,21.706],[39.098,21.713],[39.104,21.719],[39.109,21.732],[39.109,21.748],[39.101,21.76],[39.094,21.739],[39.088,21.73],[39.081,21.726],[39.067,21.725],[39.063,21.73],[39.064,21.738],[39.06,21.746],[39.054,21.752],[39.049,21.755],[39.045,21.759],[39.04,21.767],[39.037,21.776],[39.036,21.793],[39.033,21.801],[39.031,21.801],[39.019,21.808],[39.017,21.811],[39.014,21.819],[39.012,21.822],[38.979,21.862],[38.95,21.922],[38.931,22.006],[38.933,22.025],[38.959,22.034],[38.986,22.002],[39.006,22.002],[39.01,22.024],[39.01,22.044],[39.012,22.054],[39.017,22.058],[39.03,22.067],[39.033,22.072],[39.035,22.091],[39.044,22.131],[39.047,22.151],[39.04,22.151],[39.026,22.117],[39.019,22.132],[39.023,22.142],[39.029,22.153],[39.033,22.168],[39.033,22.209],[39.04,22.236],[39.073,22.271],[39.084,22.314],[39.091,22.323],[39.1,22.332],[39.109,22.342],[39.122,22.37],[39.139,22.386],[39.143,22.391],[39.143,22.403],[39.137,22.415],[39.128,22.421],[39.115,22.419],[39.108,22.409],[39.101,22.38],[39.095,22.37],[39.07,22.366],[39.069,22.394],[39.082,22.436],[39.074,22.491],[39.082,22.547],[39.074,22.574],[39.066,22.588],[39.039,22.623],[39.012,22.679],[38.993,22.709],[38.986,22.724],[38.988,22.736],[39.015,22.759],[39.013,22.767],[38.965,22.816],[38.945,22.831],[38.937,22.826],[38.94,22.821],[38.958,22.804],[38.965,22.795],[38.968,22.784],[38.969,22.774],[38.971,22.764],[38.978,22.754],[38.971,22.747],[38.958,22.775],[38.93,22.815],[38.903,22.843],[38.851,22.93],[38.851,22.943],[38.88,22.928],[38.913,22.862],[38.931,22.857],[38.941,22.851],[38.951,22.852],[38.959,22.859],[38.965,22.87],[38.954,22.882],[38.937,22.912],[38.927,22.918],[38.92,22.921],[38.911,22.928],[38.905,22.938],[38.903,22.949],[38.894,22.965],[38.874,22.973],[38.851,22.978],[38.834,22.987],[38.814,22.983],[38.8,22.999],[38.779,23.041],[38.79,23.051],[38.799,23.065],[38.804,23.079],[38.806,23.093],[38.804,23.122],[38.799,23.137],[38.798,23.15],[38.787,23.155],[38.778,23.139],[38.765,23.161],[38.748,23.183],[38.729,23.216],[38.711,23.236],[38.704,23.258],[38.692,23.273],[38.689,23.287],[38.68,23.304],[38.68,23.318],[38.673,23.348],[38.659,23.372],[38.647,23.401],[38.641,23.44],[38.637,23.468],[38.631,23.49],[38.629,23.508],[38.612,23.524],[38.605,23.535],[38.602,23.552],[38.6,23.568],[38.578,23.557],[38.568,23.562],[38.56,23.562],[38.561,23.546],[38.57,23.537],[38.595,23.528],[38.595,23.521],[38.562,23.524],[38.54,23.543],[38.539,23.592],[38.495,23.645],[38.471,23.713],[38.464,23.736],[38.46,23.761],[38.453,23.784],[38.437,23.802],[38.427,23.807],[38.416,23.809],[38.4,23.814],[38.39,23.824],[38.385,23.839],[38.377,23.856],[38.365,23.87],[38.349,23.875],[38.333,23.879],[38.319,23.886],[38.309,23.893],[38.3,23.91],[38.283,23.928],[38.275,23.934],[38.259,23.945],[38.238,23.951],[38.222,23.953],[38.198,23.967],[38.185,23.976],[38.166,23.993],[38.147,24.015],[38.126,24.029],[38.109,24.044],[38.079,24.07],[38.071,24.074],[38.063,24.076],[38.054,24.072],[38.046,24.067],[38.023,24.082],[38.008,24.093],[37.966,24.117],[37.935,24.139],[37.941,24.151],[37.958,24.162],[37.983,24.166],[37.973,24.175],[37.958,24.17],[37.94,24.161],[37.932,24.174],[37.944,24.191],[37.948,24.207],[37.937,24.211],[37.931,24.203],[37.918,24.201],[37.913,24.192],[37.918,24.186],[37.922,24.177],[37.923,24.165],[37.924,24.156],[37.918,24.15],[37.896,24.157],[37.866,24.15],[37.82,24.182],[37.806,24.193],[37.768,24.221],[37.759,24.242],[37.746,24.25],[37.728,24.257],[37.71,24.266],[37.696,24.279],[37.676,24.291],[37.652,24.291],[37.641,24.292],[37.626,24.281],[37.623,24.268],[37.628,24.248],[37.586,24.247],[37.575,24.262],[37.546,24.274],[37.523,24.268],[37.501,24.289],[37.487,24.311],[37.465,24.34],[37.429,24.367],[37.418,24.401],[37.428,24.421],[37.435,24.419],[37.455,24.407],[37.463,24.423],[37.457,24.441],[37.319,24.624],[37.258,24.702],[37.229,24.738],[37.227,24.765],[37.23,24.773],[37.231,24.783],[37.23,24.793],[37.227,24.8],[37.22,24.803],[37.207,24.791],[37.196,24.79],[37.179,24.799],[37.166,24.815],[37.149,24.851],[37.174,24.851],[37.197,24.847],[37.219,24.847],[37.244,24.854],[37.257,24.871],[37.258,24.922],[37.28,24.964],[37.277,24.987],[37.258,25.029],[37.251,25.053],[37.258,25.111],[37.256,25.134],[37.251,25.155],[37.242,25.175],[37.23,25.194],[37.212,25.214],[37.2,25.224],[37.189,25.231],[37.18,25.239],[37.171,25.258],[37.162,25.266],[37.142,25.28],[37.123,25.3],[37.105,25.322],[37.093,25.344],[37.091,25.354],[37.089,25.377],[37.086,25.385],[37.08,25.395],[37.065,25.41],[37.06,25.42],[37.077,25.431],[37.063,25.454],[37.018,25.495],[37.011,25.507],[36.994,25.55],[36.989,25.557],[36.976,25.565],[36.97,25.57],[36.969,25.576],[36.97,25.589],[36.967,25.594],[36.958,25.606],[36.944,25.635],[36.936,25.646],[36.924,25.655],[36.894,25.666],[36.882,25.673],[36.842,25.73],[36.817,25.758],[36.796,25.759],[36.794,25.748],[36.8,25.737],[36.804,25.727],[36.792,25.721],[36.78,25.724],[36.749,25.744],[36.734,25.749],[36.725,25.754],[36.702,25.78],[36.696,25.79],[36.695,25.796],[36.696,25.817],[36.694,25.823],[36.682,25.826],[36.676,25.831],[36.663,25.856],[36.662,25.879],[36.672,25.901],[36.693,25.923],[36.706,25.944],[36.709,25.971],[36.706,25.999],[36.696,26.022],[36.672,26.045],[36.641,26.06],[36.606,26.068],[36.573,26.071],[36.537,26.082],[36.513,26.111],[36.449,26.247],[36.426,26.282],[36.383,26.335],[36.309,26.498],[36.23,26.626],[36.182,26.68],[36.124,26.727],[36.098,26.754],[36.082,26.797],[36.052,26.845],[36.032,26.907],[36.014,26.902],[36.0,26.914],[35.977,26.948],[35.912,27.0],[35.832,27.093],[35.803,27.142],[35.8,27.15],[35.799,27.16],[35.801,27.168],[35.811,27.182],[35.813,27.191],[35.808,27.203],[35.784,27.235],[35.7,27.325],[35.653,27.354],[35.64,27.363],[35.617,27.39],[35.59,27.429],[35.56,27.456],[35.521,27.518],[35.511,27.544],[35.507,27.564],[35.506,27.601],[35.5,27.619],[35.492,27.632],[35.459,27.663],[35.441,27.69],[35.415,27.751],[35.394,27.777],[35.385,27.783],[35.365,27.79],[35.357,27.794],[35.351,27.801],[35.347,27.815],[35.337,27.834],[35.332,27.862],[35.323,27.876],[35.271,27.928],[35.255,27.953],[35.246,27.962],[35.23,27.969],[35.181,28.003],[35.181,27.996],[35.175,27.996],[35.164,28.009],[35.177,28.019],[35.199,28.028],[35.216,28.038],[35.227,28.033],[35.226,28.039],[35.216,28.054],[35.21,28.057],[35.183,28.062],[35.175,28.065],[35.168,28.065],[35.168,28.058],[35.162,28.058],[35.158,28.064],[35.152,28.071],[35.145,28.076],[35.137,28.079],[35.119,28.078],[35.11,28.079],[35.099,28.09],[35.052,28.12],[35.042,28.113],[35.03,28.113],[35.02,28.113],[35.022,28.108],[35.026,28.103],[35.031,28.099],[35.021,28.104],[35.01,28.111],[34.998,28.114],[34.986,28.109],[34.976,28.103],[34.945,28.095],[34.937,28.091],[34.931,28.086],[34.928,28.079],[34.921,28.079],[34.921,28.085],[34.914,28.085],[34.901,28.082],[34.881,28.086],[34.86,28.085],[34.846,28.071],[34.844,28.076],[34.843,28.076],[34.839,28.079],[34.839,28.085],[34.846,28.085],[34.846,28.093],[34.843,28.1],[34.848,28.106],[34.857,28.11],[34.866,28.113],[34.857,28.116],[34.847,28.118],[34.837,28.116],[34.825,28.113],[34.825,28.106],[34.833,28.106],[34.833,28.099],[34.822,28.096],[34.814,28.089],[34.805,28.071],[34.802,28.075],[34.799,28.077],[34.795,28.077],[34.792,28.079],[34.796,28.085],[34.802,28.09],[34.809,28.095],[34.819,28.099],[34.819,28.103],[34.818,28.107],[34.819,28.113],[34.805,28.113],[34.794,28.111],[34.786,28.105],[34.784,28.093],[34.779,28.096],[34.777,28.096],[34.776,28.095],[34.771,28.093],[34.77,28.096],[34.771,28.103],[34.771,28.106],[34.765,28.106],[34.765,28.099],[34.757,28.099],[34.752,28.108],[34.747,28.112],[34.742,28.112],[34.737,28.106],[34.727,28.112],[34.725,28.115],[34.719,28.123],[34.715,28.128],[34.709,28.14],[34.706,28.138],[34.702,28.135],[34.698,28.132],[34.695,28.126],[34.682,28.135],[34.678,28.131],[34.678,28.121],[34.675,28.113],[34.667,28.109],[34.654,28.104],[34.647,28.099],[34.647,28.093],[34.668,28.079],[34.668,28.071],[34.662,28.071],[34.659,28.069],[34.657,28.067],[34.655,28.065],[34.647,28.071],[34.642,28.055],[34.641,28.042],[34.635,28.033],[34.613,28.03],[34.615,28.035],[34.616,28.036],[34.617,28.035],[34.62,28.038],[34.613,28.045],[34.609,28.059],[34.607,28.072],[34.606,28.096],[34.599,28.103],[34.574,28.094],[34.579,28.106],[34.573,28.113],[34.587,28.132],[34.597,28.139],[34.606,28.143],[34.606,28.148],[34.612,28.15],[34.621,28.157],[34.627,28.161],[34.62,28.167],[34.623,28.173],[34.627,28.177],[34.632,28.179],[34.64,28.181],[34.64,28.176],[34.638,28.175],[34.635,28.176],[34.633,28.175],[34.643,28.17],[34.652,28.168],[34.658,28.171],[34.661,28.181],[34.655,28.181],[34.655,28.188],[34.648,28.194],[34.65,28.201],[34.657,28.206],[34.668,28.209],[34.668,28.216],[34.665,28.225],[34.675,28.27],[34.678,28.268],[34.685,28.266],[34.689,28.264],[34.688,28.267],[34.689,28.277],[34.683,28.274],[34.68,28.272],[34.675,28.277],[34.695,28.294],[34.715,28.327],[34.73,28.364],[34.741,28.411],[34.761,28.437],[34.768,28.466],[34.775,28.483],[34.804,28.527],[34.796,28.572],[34.793,28.619],[34.778,28.665],[34.797,28.726],[34.81,28.758],[34.825,28.784],[34.825,28.791],[34.819,28.791],[34.836,28.816],[34.839,28.829],[34.833,28.84],[34.833,28.846],[34.844,28.876],[34.842,28.89],[34.825,28.894],[34.825,28.9],[34.84,28.922],[34.856,28.964],[34.864,29.006],[34.853,29.031],[34.853,29.045],[34.864,29.064],[34.874,29.085],[34.894,29.175],[34.898,29.188],[34.909,29.21],[34.908,29.216],[34.909,29.231],[34.919,29.239],[34.942,29.25],[34.935,29.267],[34.933,29.289],[34.936,29.304],[34.948,29.298],[34.949,29.302],[34.949,29.304],[34.951,29.306],[34.956,29.305],[34.948,29.32],[34.945,29.337],[34.949,29.352],[35.06,29.335],[35.179,29.317],[35.335,29.293],[35.474,29.272],[35.622,29.25],[35.74,29.232],[35.797,29.223],[35.912,29.206],[36.016,29.19],[36.044,29.191],[36.069,29.2],[36.178,29.278],[36.284,29.355],[36.4,29.439],[36.477,29.495],[36.541,29.589],[36.604,29.681],[36.65,29.749],[36.705,29.831],[36.729,29.854],[36.756,29.866],[36.843,29.881],[36.932,29.897],[37.076,29.923],[37.219,29.949],[37.352,29.973],[37.47,29.995],[37.492,30.011],[37.536,30.105],[37.569,30.175],[37.605,30.251],[37.635,30.313],[37.648,30.331],[37.671,30.348],[37.779,30.4],[37.9,30.459],[37.973,30.495],[37.98,30.498],[37.981,30.498],[37.981,30.499],[37.981,30.499],[37.932,30.55],[37.822,30.661],[37.712,30.772],[37.602,30.883],[37.493,30.994],[37.489,30.998],[37.486,31.001],[37.483,31.004],[37.48,31.007],[37.35,31.128],[37.222,31.247],[37.22,31.249],[37.09,31.37],[36.96,31.491],[36.998,31.501],[37.207,31.554],[37.455,31.618],[37.703,31.681],[37.761,31.696],[37.95,31.744],[37.987,31.753],[38.175,31.8],[38.4,31.855],[38.625,31.911],[38.85,31.966],[38.963,31.994],[38.963,31.994],[38.963,31.994],[38.998,32.007],[39.117,32.103],[39.136,32.115],[39.146,32.118],[39.149,32.119],[39.152,32.12],[39.155,32.121],[39.158,32.121],[39.356,32.093],[39.553,32.064],[39.751,32.035],[39.949,32.006],[40.029,31.994],[40.029,31.994],[40.029,31.994],[40.029,31.994],[40.37,31.938],[40.424,31.921],[40.48,31.893],[40.583,31.84],[40.67,31.796],[40.758,31.751],[40.846,31.706],[40.934,31.662],[41.021,31.617],[41.109,31.572],[41.197,31.528],[41.285,31.483],[41.372,31.438],[41.46,31.393],[41.548,31.349],[41.635,31.304],[41.723,31.259],[41.811,31.215],[41.899,31.17],[41.986,31.125],[42.075,31.08],[42.142,31.03],[42.226,30.967],[42.311,30.905],[42.395,30.842],[42.48,30.779],[42.574,30.708],[42.669,30.637],[42.764,30.566],[42.783,30.551],[42.859,30.495],[42.859,30.495],[42.859,30.495],[42.859,30.495],[42.965,30.42],[43.053,30.358],[43.141,30.296],[43.229,30.234],[43.317,30.171],[43.432,30.091],[43.546,30.01],[43.661,29.929],[43.775,29.848],[43.824,29.814],[43.89,29.767],[44.005,29.687],[44.119,29.606],[44.234,29.525],[44.329,29.458],[44.424,29.391],[44.52,29.323],[44.615,29.256],[44.692,29.202],[44.698,29.2],[44.705,29.197],[44.711,29.195],[44.717,29.193],[44.809,29.186],[44.889,29.18],[44.968,29.173],[45.048,29.167],[45.127,29.161],[45.23,29.152],[45.332,29.144],[45.435,29.136],[45.537,29.128],[45.64,29.12],[45.742,29.112],[45.845,29.104],[45.947,29.096],[46.024,29.09],[46.1,29.084],[46.176,29.077],[46.252,29.071],[46.357,29.063],[46.401,29.071],[46.427,29.076],[46.445,29.079],[46.489,29.088],[46.532,29.096],[46.644,29.084],[46.756,29.072],[46.867,29.059],[46.979,29.047],[47.079,29.036],[47.178,29.024],[47.278,29.013],[47.378,29.001],[47.433,28.995],[47.433,28.995],[47.434,28.995],[47.434,28.995],[47.446,28.976],[47.494,28.904],[47.55,28.771],[47.555,28.745],[47.558,28.691],[47.568,28.661],[47.582,28.631],[47.597,28.609],[47.618,28.591],[47.641,28.577],[47.66,28.56],[47.668,28.534],[47.722,28.534],[47.9,28.536],[48.077,28.537],[48.255,28.539],[48.433,28.54],[48.456,28.518],[48.469,28.511],[48.495,28.5],[48.499,28.493],[48.508,28.449],[48.508,28.416],[48.499,28.393],[48.476,28.401],[48.471,28.394],[48.47,28.391],[48.469,28.387],[48.488,28.386],[48.505,28.39],[48.517,28.399],[48.524,28.414],[48.535,28.408],[48.535,28.399],[48.524,28.38],[48.518,28.354],[48.517,28.342],[48.522,28.319],[48.535,28.299],[48.618,28.217],[48.624,28.205],[48.609,28.186],[48.602,28.167],[48.601,28.148],[48.606,28.126],[48.616,28.111],[48.648,28.072],[48.655,28.062],[48.653,28.05],[48.652,28.046],[48.668,28.038],[48.702,28.024],[48.713,28.023],[48.747,28.024],[48.756,28.022],[48.776,28.012],[48.788,28.01],[48.792,28.007],[48.792,28.001],[48.788,27.994],[48.785,27.989],[48.778,27.987],[48.771,27.987],[48.764,27.989],[48.747,27.982],[48.742,27.975],[48.744,27.961],[48.753,27.948],[48.773,27.93],[48.796,27.914],[48.815,27.907],[48.815,27.902],[48.838,27.872],[48.878,27.837],[48.883,27.827],[48.874,27.807],[48.873,27.794],[48.873,27.782],[48.877,27.777],[48.875,27.77],[48.865,27.754],[48.853,27.737],[48.839,27.729],[48.846,27.74],[48.848,27.749],[48.845,27.773],[48.848,27.787],[48.854,27.795],[48.858,27.804],[48.853,27.818],[48.838,27.804],[48.822,27.767],[48.805,27.756],[48.823,27.8],[48.826,27.811],[48.821,27.83],[48.813,27.829],[48.804,27.815],[48.785,27.745],[48.785,27.729],[48.782,27.726],[48.779,27.72],[48.78,27.714],[48.791,27.715],[48.797,27.72],[48.804,27.736],[48.811,27.743],[48.811,27.698],[48.815,27.688],[48.825,27.689],[48.834,27.697],[48.839,27.708],[48.846,27.697],[48.847,27.684],[48.845,27.667],[48.858,27.663],[48.868,27.668],[48.875,27.677],[48.88,27.688],[48.881,27.67],[48.878,27.664],[48.873,27.66],[48.878,27.651],[48.877,27.644],[48.871,27.641],[48.86,27.64],[48.87,27.619],[48.873,27.612],[48.849,27.623],[48.839,27.623],[48.832,27.612],[48.853,27.605],[48.871,27.606],[48.885,27.615],[48.894,27.633],[48.901,27.633],[48.907,27.619],[48.895,27.608],[48.891,27.588],[48.897,27.572],[48.914,27.572],[48.922,27.579],[48.917,27.586],[48.91,27.593],[48.907,27.599],[48.915,27.609],[48.926,27.614],[48.949,27.619],[48.969,27.62],[48.982,27.615],[49.017,27.585],[49.054,27.568],[49.064,27.556],[49.045,27.544],[49.059,27.538],[49.072,27.539],[49.078,27.547],[49.072,27.558],[49.089,27.551],[49.106,27.547],[49.144,27.544],[49.153,27.546],[49.17,27.556],[49.178,27.558],[49.189,27.557],[49.209,27.552],[49.22,27.55],[49.24,27.545],[49.255,27.532],[49.278,27.503],[49.285,27.498],[49.292,27.494],[49.299,27.49],[49.305,27.482],[49.308,27.475],[49.31,27.457],[49.313,27.449],[49.3,27.448],[49.293,27.453],[49.29,27.462],[49.292,27.475],[49.285,27.475],[49.264,27.453],[49.209,27.458],[49.189,27.441],[49.182,27.441],[49.175,27.458],[49.158,27.458],[49.12,27.441],[49.128,27.437],[49.15,27.431],[49.161,27.427],[49.17,27.421],[49.176,27.416],[49.183,27.411],[49.195,27.406],[49.202,27.399],[49.207,27.395],[49.213,27.397],[49.23,27.412],[49.23,27.414],[49.235,27.418],[49.237,27.424],[49.24,27.427],[49.247,27.424],[49.255,27.418],[49.264,27.414],[49.257,27.4],[49.247,27.393],[49.237,27.388],[49.23,27.38],[49.227,27.369],[49.226,27.343],[49.223,27.331],[49.234,27.334],[49.246,27.339],[49.257,27.347],[49.267,27.355],[49.279,27.359],[49.292,27.355],[49.313,27.345],[49.305,27.326],[49.308,27.306],[49.315,27.287],[49.319,27.266],[49.317,27.224],[49.323,27.206],[49.34,27.208],[49.338,27.19],[49.345,27.183],[49.356,27.185],[49.367,27.194],[49.362,27.209],[49.371,27.219],[49.386,27.22],[49.401,27.208],[49.407,27.215],[49.412,27.204],[49.409,27.194],[49.404,27.183],[49.401,27.17],[49.397,27.163],[49.389,27.159],[49.378,27.159],[49.367,27.161],[49.375,27.149],[49.399,27.145],[49.407,27.133],[49.417,27.138],[49.424,27.146],[49.435,27.167],[49.436,27.162],[49.437,27.162],[49.438,27.162],[49.442,27.161],[49.432,27.143],[49.44,27.14],[49.466,27.147],[49.481,27.144],[49.508,27.134],[49.524,27.133],[49.497,27.159],[49.489,27.175],[49.504,27.188],[49.516,27.188],[49.526,27.183],[49.535,27.176],[49.545,27.174],[49.553,27.177],[49.572,27.194],[49.569,27.178],[49.559,27.154],[49.559,27.14],[49.565,27.117],[49.57,27.104],[49.576,27.099],[49.594,27.091],[49.612,27.072],[49.67,26.991],[49.699,26.958],[49.708,26.952],[49.737,26.941],[49.746,26.934],[49.761,26.921],[49.771,26.914],[49.833,26.888],[49.872,26.862],[49.894,26.86],[49.917,26.861],[49.942,26.858],[49.973,26.842],[50.002,26.817],[50.052,26.756],[50.069,26.729],[50.142,26.681],[50.158,26.665],[50.162,26.639],[50.117,26.675],[50.093,26.689],[50.038,26.695],[50.024,26.7],[50.014,26.711],[50.006,26.748],[49.998,26.741],[49.988,26.724],[49.984,26.708],[49.983,26.696],[49.983,26.684],[49.987,26.673],[49.994,26.663],[50.004,26.654],[50.006,26.649],[50.002,26.587],[50.004,26.571],[50.031,26.495],[50.042,26.478],[50.058,26.464],[50.077,26.454],[50.162,26.427],[50.192,26.404],[50.209,26.37],[50.217,26.324],[50.216,26.215],[50.212,26.191],[50.202,26.171],[50.182,26.16],[50.182,26.175],[50.174,26.181],[50.163,26.177],[50.155,26.166],[50.161,26.141],[50.158,26.102],[50.15,26.063],[50.141,26.036],[50.126,26.046],[50.121,26.061],[50.122,26.076],[50.12,26.091],[50.113,26.103],[50.104,26.111],[50.095,26.118],[50.087,26.125],[50.081,26.129],[50.077,26.129],[50.074,26.132],[50.072,26.159],[50.07,26.166],[50.066,26.174],[50.058,26.184],[50.046,26.195],[50.032,26.201],[50.021,26.198],[49.995,26.152],[49.987,26.146],[49.976,26.14],[49.981,26.126],[49.992,26.113],[49.997,26.108],[50.0,26.101],[50.009,26.086],[50.01,26.077],[50.007,26.074],[50.0,26.072],[49.993,26.068],[49.99,26.06],[49.992,26.046],[49.996,26.032],[49.997,26.017],[49.99,26.002],[50.007,25.997],[50.021,26.004],[50.028,26.019],[50.024,26.036],[50.034,26.033],[50.041,26.028],[50.052,26.015],[50.057,26.013],[50.062,26.014],[50.065,26.013],[50.066,26.006],[50.066,25.999],[50.067,25.996],[50.07,25.995],[50.076,25.995],[50.101,25.989],[50.112,25.976],[50.117,25.958],[50.128,25.94],[50.128,25.934],[50.108,25.915],[50.118,25.868],[50.142,25.816],[50.162,25.783],[50.222,25.717],[50.247,25.679],[50.257,25.632],[50.251,25.632],[50.234,25.68],[50.227,25.687],[50.215,25.69],[50.2,25.696],[50.188,25.704],[50.175,25.72],[50.159,25.732],[50.145,25.733],[50.141,25.714],[50.149,25.7],[50.174,25.683],[50.182,25.673],[50.188,25.683],[50.189,25.687],[50.196,25.687],[50.234,25.615],[50.348,25.482],[50.374,25.461],[50.371,25.475],[50.365,25.49],[50.362,25.503],[50.371,25.508],[50.381,25.513],[50.386,25.511],[50.39,25.489],[50.395,25.483],[50.4,25.48],[50.402,25.478],[50.41,25.464],[50.429,25.456],[50.463,25.447],[50.472,25.437],[50.491,25.392],[50.483,25.385],[50.496,25.37],[50.509,25.344],[50.52,25.315],[50.525,25.293],[50.524,25.28],[50.519,25.258],[50.518,25.245],[50.52,25.232],[50.524,25.223],[50.529,25.216],[50.535,25.199],[50.549,25.175],[50.552,25.159],[50.545,25.119],[50.553,25.078],[50.562,25.055],[50.573,25.043],[50.58,25.062],[50.606,25.043],[50.633,25.011],[50.645,24.995],[50.662,24.98],[50.681,24.914],[50.707,24.899],[50.726,24.882],[50.735,24.843],[50.737,24.782],[50.741,24.771],[50.75,24.753],[50.761,24.736],[50.771,24.727],[50.786,24.727],[50.808,24.747]]],[[[42.186,16.706],[42.186,16.691],[42.183,16.673],[42.177,16.652],[42.179,16.635],[42.188,16.605],[42.178,16.585],[42.179,16.583],[42.156,16.585],[42.128,16.617],[42.105,16.625],[42.084,16.627],[42.073,16.636],[42.101,16.647],[42.118,16.66],[42.111,16.68],[42.086,16.694],[42.06,16.69],[42.031,16.688],[42.011,16.683],[41.992,16.672],[41.976,16.664],[41.955,16.67],[41.933,16.691],[41.917,16.705],[41.894,16.71],[41.867,16.729],[41.843,16.747],[41.831,16.767],[41.825,16.798],[41.808,16.81],[41.79,16.81],[41.778,16.813],[41.781,16.819],[41.78,16.841],[41.765,16.859],[41.756,16.878],[41.757,16.896],[41.772,16.892],[41.777,16.885],[41.789,16.876],[41.828,16.859],[41.849,16.835],[41.86,16.821],[41.864,16.797],[41.863,16.785],[41.881,16.766],[41.898,16.751],[41.905,16.748],[41.941,16.751],[41.953,16.733],[41.973,16.732],[41.994,16.738],[42.011,16.739],[42.023,16.727],[42.023,16.716],[42.035,16.716],[42.065,16.728],[42.036,16.734],[42.022,16.756],[42.034,16.774],[42.041,16.802],[42.048,16.812],[42.062,16.814],[42.069,16.812],[42.077,16.809],[42.104,16.792],[42.105,16.776],[42.118,16.755],[42.117,16.744],[42.141,16.741],[42.148,16.721],[42.186,16.706]]],[[[41.919,16.791],[41.904,16.803],[41.89,16.821],[41.864,16.852],[41.843,16.88],[41.835,16.892],[41.835,16.892],[41.846,16.901],[41.87,16.903],[41.888,16.908],[41.901,16.918],[41.911,16.936],[41.921,16.935],[41.923,16.935],[41.928,16.955],[41.921,16.979],[41.907,16.985],[41.894,16.991],[41.881,16.992],[41.859,16.996],[41.846,16.997],[41.844,17.002],[41.851,17.01],[41.861,17.014],[41.863,17.005],[41.896,17.002],[41.921,16.992],[41.938,16.973],[41.939,16.969],[41.945,16.942],[41.945,16.923],[41.94,16.901],[41.944,16.883],[41.976,16.876],[41.985,16.854],[41.944,16.853],[41.932,16.838],[41.938,16.821],[41.963,16.813],[41.977,16.805],[41.995,16.797],[42.002,16.773],[42.002,16.761],[41.972,16.778],[41.936,16.788],[41.919,16.791]]],[[[49.565,27.352],[49.585,27.344],[49.638,27.331],[49.689,27.318],[49.67,27.311],[49.655,27.315],[49.64,27.321],[49.624,27.324],[49.607,27.322],[49.592,27.317],[49.578,27.308],[49.565,27.298],[49.557,27.305],[49.556,27.305],[49.552,27.304],[49.544,27.309],[49.538,27.311],[49.538,27.311],[49.538,27.318],[49.551,27.323],[49.554,27.328],[49.55,27.334],[49.546,27.338],[49.542,27.342],[49.531,27.346],[49.52,27.345],[49.51,27.341],[49.5,27.339],[49.488,27.334],[49.475,27.322],[49.464,27.307],[49.456,27.29],[49.454,27.316],[49.472,27.342],[49.501,27.361],[49.531,27.365],[49.542,27.364],[49.551,27.36],[49.565,27.352]]],[[[37.027,25.42],[37.037,25.412],[37.042,25.407],[37.04,25.406],[37.036,25.408],[37.028,25.409],[37.027,25.405],[37.031,25.399],[37.023,25.4],[37.004,25.412],[36.999,25.422],[37.0,25.429],[36.991,25.43],[36.978,25.427],[36.971,25.435],[36.967,25.449],[36.958,25.449],[36.947,25.442],[36.944,25.449],[36.952,25.468],[36.961,25.478],[36.974,25.478],[36.987,25.476],[36.999,25.469],[37.009,25.45],[37.015,25.451],[37.018,25.458],[37.022,25.453],[37.027,25.42]]],[[[36.942,25.418],[36.958,25.419],[36.961,25.414],[36.943,25.406],[36.935,25.4],[36.925,25.389],[36.915,25.371],[36.9,25.361],[36.879,25.374],[36.86,25.393],[36.841,25.406],[36.801,25.445],[36.799,25.447],[36.795,25.453],[36.795,25.457],[36.797,25.457],[36.799,25.459],[36.797,25.465],[36.788,25.474],[36.776,25.489],[36.777,25.496],[36.787,25.494],[36.797,25.487],[36.815,25.466],[36.824,25.46],[36.842,25.451],[36.877,25.437],[36.894,25.433],[36.906,25.432],[36.916,25.427],[36.92,25.42],[36.899,25.419],[36.896,25.406],[36.904,25.394],[36.916,25.397],[36.928,25.409],[36.942,25.418]]],[[[36.849,25.533],[36.84,25.536],[36.827,25.547],[36.829,25.561],[36.841,25.57],[36.856,25.568],[36.867,25.558],[36.866,25.546],[36.855,25.537],[36.849,25.533]]],[[[36.79,25.498],[36.781,25.504],[36.776,25.506],[36.771,25.507],[36.766,25.514],[36.765,25.524],[36.757,25.527],[36.743,25.529],[36.74,25.533],[36.744,25.531],[36.743,25.536],[36.734,25.547],[36.719,25.556],[36.701,25.555],[36.693,25.55],[36.689,25.546],[36.681,25.544],[36.681,25.553],[36.691,25.567],[36.707,25.571],[36.726,25.565],[36.775,25.535],[36.781,25.528],[36.786,25.516],[36.801,25.508],[36.817,25.502],[36.839,25.49],[36.875,25.463],[36.883,25.454],[36.882,25.451],[36.878,25.448],[36.879,25.443],[36.874,25.446],[36.858,25.457],[36.845,25.464],[36.835,25.467],[36.831,25.473],[36.825,25.484],[36.816,25.488],[36.81,25.486],[36.801,25.488],[36.79,25.498]]],[[[36.901,25.549],[36.899,25.578],[36.898,25.584],[36.898,25.595],[36.905,25.603],[36.914,25.607],[36.923,25.603],[36.928,25.593],[36.928,25.584],[36.926,25.577],[36.921,25.576],[36.915,25.581],[36.914,25.579],[36.917,25.571],[36.916,25.568],[36.914,25.569],[36.92,25.555],[36.928,25.529],[36.923,25.519],[36.912,25.535],[36.905,25.539],[36.901,25.549]]],[[[36.683,25.572],[36.682,25.566],[36.676,25.555],[36.668,25.55],[36.661,25.553],[36.648,25.561],[36.568,25.598],[36.546,25.603],[36.539,25.589],[36.529,25.594],[36.511,25.61],[36.498,25.624],[36.491,25.645],[36.5,25.663],[36.524,25.686],[36.535,25.698],[36.544,25.703],[36.545,25.696],[36.539,25.685],[36.523,25.662],[36.524,25.653],[36.531,25.645],[36.538,25.64],[36.544,25.64],[36.549,25.638],[36.554,25.631],[36.562,25.627],[36.57,25.624],[36.596,25.6],[36.609,25.592],[36.623,25.591],[36.631,25.592],[36.634,25.59],[36.635,25.583],[36.638,25.575],[36.647,25.571],[36.656,25.572],[36.657,25.573],[36.654,25.574],[36.655,25.578],[36.659,25.582],[36.668,25.581],[36.683,25.572]]],[[[36.544,25.731],[36.543,25.739],[36.54,25.76],[36.542,25.802],[36.558,25.836],[36.584,25.858],[36.591,25.861],[36.577,25.849],[36.567,25.833],[36.558,25.816],[36.555,25.796],[36.564,25.779],[36.583,25.762],[36.591,25.759],[36.598,25.758],[36.597,25.752],[36.589,25.739],[36.585,25.725],[36.587,25.72],[36.588,25.714],[36.596,25.709],[36.608,25.711],[36.611,25.709],[36.606,25.701],[36.596,25.697],[36.583,25.699],[36.563,25.713],[36.552,25.72],[36.544,25.731]]]]}},{"type":"Feature","properties":{"cc":"YE"},"geometry":{"type":"MultiPolygon","coordinates":[[[[51.979,18.996],[51.986,18.98],[52.014,18.916],[52.057,18.82],[52.1,18.723],[52.142,18.627],[52.185,18.53],[52.228,18.433],[52.271,18.337],[52.313,18.24],[52.356,18.144],[52.399,18.047],[52.442,17.951],[52.485,17.854],[52.527,17.758],[52.57,17.661],[52.613,17.565],[52.656,17.468],[52.698,17.371],[52.73,17.3],[52.728,17.299],[52.723,17.299],[52.721,17.298],[52.736,17.289],[52.774,17.287],[52.791,17.281],[52.802,17.267],[52.84,17.184],[52.903,17.048],[52.965,16.913],[53.028,16.777],[53.09,16.642],[53.09,16.642],[53.069,16.632],[53.022,16.619],[52.985,16.628],[52.974,16.618],[52.962,16.616],[52.951,16.616],[52.94,16.61],[52.921,16.591],[52.91,16.583],[52.885,16.575],[52.851,16.556],[52.809,16.548],[52.789,16.54],[52.752,16.518],[52.737,16.512],[52.598,16.477],[52.533,16.447],[52.42,16.371],[52.319,16.291],[52.293,16.264],[52.279,16.244],[52.261,16.209],[52.229,16.172],[52.221,16.161],[52.217,16.148],[52.217,16.138],[52.22,16.126],[52.223,16.116],[52.224,16.114],[52.217,16.095],[52.194,16.07],[52.184,16.029],[52.16,16.002],[52.156,15.984],[52.163,15.965],[52.177,15.942],[52.187,15.919],[52.175,15.878],[52.192,15.863],[52.224,15.847],[52.225,15.832],[52.217,15.761],[52.221,15.717],[52.231,15.675],[52.238,15.669],[52.243,15.663],[52.245,15.658],[52.244,15.652],[52.239,15.643],[52.237,15.638],[52.237,15.629],[52.234,15.622],[52.228,15.616],[52.221,15.614],[52.199,15.611],[52.047,15.57],[52.039,15.563],[52.032,15.556],[52.026,15.551],[52.017,15.549],[52.002,15.547],[51.992,15.545],[51.913,15.515],[51.874,15.492],[51.875,15.469],[51.874,15.465],[51.872,15.464],[51.869,15.464],[51.868,15.463],[51.869,15.452],[51.865,15.45],[51.86,15.453],[51.854,15.456],[51.847,15.46],[51.839,15.466],[51.829,15.469],[51.817,15.459],[51.809,15.456],[51.759,15.446],[51.68,15.403],[51.667,15.391],[51.662,15.377],[51.668,15.358],[51.677,15.347],[51.676,15.34],[51.655,15.333],[51.549,15.323],[51.531,15.317],[51.513,15.308],[51.498,15.298],[51.474,15.271],[51.454,15.27],[51.447,15.266],[51.444,15.26],[51.432,15.26],[51.382,15.238],[51.368,15.23],[51.342,15.238],[51.314,15.227],[51.288,15.21],[51.269,15.202],[51.07,15.15],[50.851,15.11],[50.661,15.058],[50.554,15.049],[50.459,15.01],[50.432,14.995],[50.358,14.933],[50.343,14.925],[50.302,14.917],[50.244,14.887],[50.18,14.843],[50.165,14.842],[50.146,14.85],[50.121,14.844],[50.079,14.826],[50.06,14.82],[50.052,14.819],[50.042,14.818],[50.036,14.839],[50.03,14.85],[50.021,14.849],[50.006,14.844],[49.942,14.839],[49.799,14.792],[49.578,14.737],[49.46,14.674],[49.418,14.657],[49.372,14.65],[49.352,14.64],[49.313,14.613],[49.229,14.575],[49.19,14.549],[49.182,14.517],[49.172,14.518],[49.157,14.526],[49.137,14.533],[49.114,14.53],[49.093,14.52],[49.078,14.506],[49.028,14.436],[49.01,14.401],[49.0,14.36],[49.008,14.354],[49.009,14.343],[49.006,14.331],[49.004,14.325],[48.992,14.317],[48.951,14.301],[48.942,14.294],[48.936,14.27],[48.922,14.262],[48.903,14.258],[48.887,14.25],[48.882,14.243],[48.88,14.235],[48.88,14.212],[48.877,14.207],[48.87,14.201],[48.863,14.195],[48.853,14.167],[48.835,14.156],[48.798,14.14],[48.738,14.068],[48.719,14.057],[48.714,14.055],[48.702,14.047],[48.696,14.044],[48.689,14.042],[48.681,14.044],[48.565,14.046],[48.548,14.041],[48.503,14.003],[48.494,13.999],[48.486,13.998],[48.478,13.997],[48.469,13.989],[48.45,14.011],[48.415,14.017],[48.338,14.016],[48.341,14.012],[48.346,14.003],[48.304,14.002],[48.189,13.969],[48.194,13.993],[48.178,14.009],[48.155,14.02],[48.14,14.031],[48.134,14.023],[48.106,14.036],[48.017,14.057],[48.002,14.049],[47.949,14.033],[47.931,14.031],[47.917,14.021],[47.867,13.962],[47.821,13.938],[47.667,13.887],[47.646,13.873],[47.564,13.789],[47.436,13.678],[47.398,13.655],[47.167,13.586],[46.912,13.533],[46.824,13.476],[46.701,13.43],[46.684,13.427],[46.664,13.43],[46.628,13.441],[46.605,13.441],[46.584,13.435],[46.54,13.417],[46.52,13.413],[46.313,13.414],[46.27,13.42],[46.248,13.432],[46.235,13.436],[46.229,13.431],[46.224,13.429],[46.198,13.42],[46.111,13.407],[45.941,13.399],[45.923,13.395],[45.89,13.382],[45.876,13.379],[45.834,13.381],[45.815,13.38],[45.803,13.372],[45.666,13.342],[45.632,13.325],[45.536,13.229],[45.508,13.209],[45.494,13.195],[45.481,13.158],[45.434,13.098],[45.403,13.07],[45.365,13.054],[45.194,13.013],[45.154,12.992],[45.118,12.962],[45.105,12.945],[45.099,12.936],[45.094,12.926],[45.093,12.925],[45.087,12.907],[45.084,12.889],[45.082,12.887],[45.059,12.827],[45.057,12.817],[45.062,12.777],[45.059,12.762],[45.039,12.756],[45.018,12.76],[44.995,12.769],[44.979,12.782],[44.981,12.797],[44.997,12.803],[45.018,12.802],[45.035,12.804],[45.042,12.821],[45.039,12.821],[45.023,12.841],[45.022,12.845],[45.02,12.849],[45.021,12.853],[45.021,12.857],[45.015,12.859],[45.009,12.857],[45.008,12.852],[45.009,12.848],[45.008,12.845],[45.001,12.833],[44.998,12.831],[44.993,12.832],[44.984,12.837],[44.978,12.838],[44.955,12.837],[44.945,12.834],[44.94,12.828],[44.933,12.813],[44.917,12.799],[44.898,12.796],[44.885,12.811],[44.872,12.804],[44.867,12.795],[44.872,12.77],[44.879,12.776],[44.885,12.778],[44.916,12.775],[44.921,12.771],[44.919,12.759],[44.913,12.748],[44.898,12.737],[44.881,12.73],[44.868,12.732],[44.84,12.743],[44.831,12.749],[44.825,12.757],[44.825,12.762],[44.823,12.765],[44.81,12.77],[44.785,12.772],[44.765,12.766],[44.728,12.742],[44.727,12.747],[44.723,12.752],[44.721,12.756],[44.726,12.767],[44.719,12.78],[44.707,12.794],[44.694,12.803],[44.652,12.818],[44.611,12.82],[44.573,12.812],[44.543,12.797],[44.49,12.753],[44.433,12.694],[44.431,12.688],[44.424,12.676],[44.416,12.67],[44.412,12.684],[44.407,12.685],[44.383,12.676],[44.354,12.669],[44.29,12.639],[44.267,12.637],[44.247,12.639],[44.229,12.639],[44.191,12.619],[44.169,12.618],[44.149,12.625],[44.138,12.639],[44.152,12.638],[44.176,12.633],[44.19,12.632],[44.198,12.639],[44.198,12.652],[44.191,12.66],[44.18,12.653],[44.153,12.656],[44.121,12.643],[44.062,12.612],[44.034,12.604],[44.017,12.604],[43.992,12.612],[43.961,12.6],[43.946,12.598],[43.927,12.61],[43.909,12.645],[43.895,12.653],[43.874,12.655],[43.858,12.663],[43.83,12.681],[43.813,12.688],[43.795,12.695],[43.774,12.699],[43.751,12.701],[43.738,12.706],[43.699,12.728],[43.679,12.735],[43.644,12.735],[43.635,12.739],[43.619,12.75],[43.61,12.754],[43.601,12.756],[43.588,12.751],[43.531,12.696],[43.526,12.69],[43.512,12.683],[43.491,12.681],[43.468,12.684],[43.462,12.693],[43.481,12.773],[43.482,12.812],[43.473,12.847],[43.453,12.879],[43.423,12.906],[43.419,12.916],[43.416,12.929],[43.408,12.937],[43.401,12.943],[43.398,12.951],[43.397,12.971],[43.393,12.99],[43.386,13.007],[43.377,13.023],[43.342,13.063],[43.336,13.074],[43.335,13.082],[43.323,13.106],[43.313,13.131],[43.309,13.139],[43.249,13.213],[43.226,13.284],[43.24,13.315],[43.248,13.349],[43.254,13.527],[43.275,13.558],[43.278,13.567],[43.28,13.574],[43.285,13.58],[43.295,13.586],[43.282,13.617],[43.285,13.687],[43.281,13.722],[43.248,13.784],[43.243,13.794],[43.233,13.876],[43.227,13.885],[43.162,13.954],[43.139,14.007],[43.118,14.052],[43.096,14.084],[43.084,14.159],[43.076,14.195],[43.066,14.225],[43.048,14.276],[43.019,14.368],[43.011,14.388],[43.006,14.419],[42.993,14.448],[42.99,14.48],[42.987,14.489],[42.982,14.495],[42.963,14.508],[42.959,14.513],[42.961,14.525],[42.966,14.53],[42.973,14.528],[42.984,14.52],[42.994,14.5],[43.006,14.455],[43.021,14.442],[43.022,14.471],[43.02,14.485],[43.014,14.497],[43.029,14.538],[43.018,14.571],[42.998,14.602],[42.987,14.634],[42.99,14.641],[42.999,14.651],[43.001,14.657],[43.0,14.663],[42.997,14.666],[42.995,14.668],[42.99,14.68],[42.984,14.685],[42.977,14.688],[42.974,14.692],[42.971,14.697],[42.967,14.702],[42.962,14.709],[42.954,14.743],[42.953,14.754],[42.942,14.789],[42.895,14.847],[42.884,14.884],[42.882,14.905],[42.883,14.916],[42.891,14.914],[42.896,14.906],[42.894,14.899],[42.891,14.891],[42.891,14.88],[42.898,14.862],[42.91,14.841],[42.927,14.823],[42.946,14.811],[42.947,14.826],[42.953,14.859],[42.952,14.88],[42.942,14.915],[42.937,14.948],[42.932,14.961],[42.924,14.971],[42.898,14.995],[42.887,15.008],[42.88,15.025],[42.877,15.049],[42.882,15.102],[42.877,15.12],[42.864,15.136],[42.829,15.152],[42.797,15.179],[42.777,15.191],[42.755,15.202],[42.733,15.209],[42.711,15.214],[42.691,15.214],[42.677,15.206],[42.671,15.185],[42.66,15.183],[42.638,15.191],[42.618,15.208],[42.617,15.23],[42.61,15.244],[42.621,15.245],[42.655,15.237],[42.672,15.24],[42.683,15.246],[42.689,15.257],[42.692,15.271],[42.691,15.281],[42.681,15.296],[42.678,15.308],[42.704,15.355],[42.712,15.366],[42.718,15.353],[42.715,15.337],[42.708,15.322],[42.699,15.312],[42.719,15.303],[42.734,15.294],[42.774,15.26],[42.779,15.253],[42.781,15.24],[42.779,15.222],[42.782,15.215],[42.795,15.209],[42.796,15.217],[42.795,15.223],[42.792,15.226],[42.788,15.23],[42.803,15.245],[42.809,15.268],[42.807,15.344],[42.797,15.38],[42.781,15.408],[42.777,15.422],[42.778,15.433],[42.78,15.443],[42.781,15.456],[42.781,15.467],[42.778,15.479],[42.774,15.491],[42.76,15.516],[42.719,15.57],[42.721,15.578],[42.733,15.592],[42.724,15.602],[42.715,15.614],[42.708,15.628],[42.706,15.644],[42.716,15.68],[42.714,15.695],[42.692,15.702],[42.699,15.717],[42.709,15.726],[42.721,15.733],[42.733,15.743],[42.742,15.753],[42.746,15.762],[42.747,15.773],[42.747,15.788],[42.752,15.816],[42.766,15.836],[42.783,15.849],[42.802,15.86],[42.82,15.875],[42.83,15.893],[42.835,15.915],[42.843,16.052],[42.84,16.098],[42.813,16.238],[42.809,16.313],[42.808,16.32],[42.802,16.34],[42.803,16.339],[42.803,16.342],[42.803,16.347],[42.802,16.353],[42.799,16.358],[42.791,16.369],[42.789,16.371],[42.837,16.387],[42.872,16.402],[42.898,16.419],[42.907,16.435],[42.906,16.451],[42.903,16.466],[42.907,16.479],[42.917,16.484],[42.956,16.491],[42.971,16.496],[43.015,16.521],[43.036,16.536],[43.049,16.553],[43.075,16.619],[43.079,16.638],[43.08,16.659],[43.085,16.673],[43.098,16.678],[43.123,16.673],[43.163,16.662],[43.18,16.665],[43.186,16.683],[43.186,16.685],[43.18,16.708],[43.171,16.723],[43.169,16.737],[43.183,16.758],[43.192,16.764],[43.201,16.768],[43.209,16.773],[43.213,16.784],[43.212,16.797],[43.205,16.808],[43.194,16.815],[43.157,16.825],[43.146,16.834],[43.134,16.871],[43.113,16.91],[43.109,16.927],[43.115,16.952],[43.132,16.99],[43.136,17.01],[43.136,17.031],[43.13,17.053],[43.122,17.07],[43.118,17.086],[43.124,17.107],[43.145,17.147],[43.151,17.167],[43.15,17.19],[43.156,17.21],[43.177,17.226],[43.203,17.236],[43.226,17.241],[43.249,17.252],[43.252,17.272],[43.242,17.293],[43.222,17.308],[43.165,17.326],[43.168,17.331],[43.216,17.387],[43.303,17.459],[43.391,17.512],[43.413,17.52],[43.435,17.523],[43.453,17.519],[43.487,17.517],[43.503,17.513],[43.577,17.483],[43.62,17.459],[43.689,17.384],[43.731,17.352],[43.751,17.346],[43.769,17.346],[43.806,17.35],[43.846,17.346],[43.863,17.347],[43.887,17.354],[43.893,17.351],[43.893,17.34],[43.89,17.32],[43.894,17.312],[43.897,17.307],[43.903,17.304],[43.915,17.302],[43.939,17.305],[43.954,17.32],[43.967,17.34],[43.982,17.357],[44.004,17.368],[44.021,17.366],[44.059,17.347],[44.085,17.343],[44.104,17.352],[44.12,17.37],[44.134,17.395],[44.149,17.405],[44.169,17.402],[44.212,17.391],[44.231,17.392],[44.307,17.409],[44.404,17.419],[44.465,17.416],[44.534,17.403],[44.562,17.404],[44.625,17.427],[44.646,17.432],[44.849,17.431],[44.972,17.43],[44.997,17.43],[45.165,17.428],[45.222,17.417],[45.385,17.326],[45.43,17.312],[45.642,17.291],[45.891,17.267],[46.08,17.248],[46.323,17.224],[46.488,17.246],[46.71,17.275],[46.747,17.255],[46.812,17.168],[46.886,17.07],[46.97,16.957],[46.983,16.949],[46.997,16.949],[47.129,16.943],[47.161,16.947],[47.191,16.959],[47.314,17.028],[47.428,17.092],[47.429,17.093],[47.458,17.131],[47.525,17.308],[47.572,17.432],[47.589,17.463],[47.686,17.58],[47.836,17.758],[47.994,17.948],[48.084,18.056],[48.162,18.149],[48.184,18.164],[48.313,18.227],[48.484,18.31],[48.676,18.404],[48.848,18.488],[48.991,18.558],[49.036,18.58],[49.129,18.612],[49.258,18.63],[49.418,18.651],[49.578,18.673],[49.738,18.694],[49.899,18.716],[50.059,18.737],[50.219,18.759],[50.379,18.78],[50.539,18.802],[50.699,18.824],[50.86,18.845],[51.02,18.867],[51.18,18.888],[51.34,18.91],[51.5,18.931],[51.66,18.953],[51.821,18.974],[51.979,18.996]]],[[[53.248,12.121],[53.268,12.129],[53.287,12.127],[53.298,12.122],[53.308,12.118],[53.31,12.111],[53.277,12.114],[53.263,12.115],[53.248,12.121]]],[[[53.053,12.175],[53.068,12.175],[53.083,12.165],[53.087,12.149],[53.086,12.134],[53.072,12.13],[53.057,12.128],[53.027,12.14],[53.007,12.157],[52.985,12.163],[52.989,12.172],[53.004,12.177],[53.017,12.176],[53.027,12.18],[53.039,12.18],[53.053,12.175]]],[[[52.289,12.201],[52.319,12.188],[52.375,12.201],[52.389,12.197],[52.39,12.197],[52.395,12.187],[52.381,12.183],[52.371,12.172],[52.379,12.166],[52.388,12.149],[52.36,12.154],[52.348,12.151],[52.331,12.146],[52.285,12.154],[52.24,12.157],[52.235,12.165],[52.224,12.18],[52.218,12.181],[52.212,12.181],[52.191,12.175],[52.18,12.173],[52.176,12.176],[52.165,12.193],[52.162,12.197],[52.157,12.196],[52.137,12.205],[52.124,12.202],[52.112,12.199],[52.106,12.204],[52.102,12.207],[52.068,12.222],[52.064,12.235],[52.079,12.24],[52.094,12.242],[52.118,12.242],[52.148,12.235],[52.179,12.214],[52.2,12.206],[52.217,12.207],[52.246,12.202],[52.289,12.201]]],[[[43.429,12.674],[43.442,12.667],[43.444,12.664],[43.449,12.653],[43.447,12.639],[43.436,12.632],[43.429,12.635],[43.417,12.647],[43.411,12.653],[43.4,12.65],[43.393,12.653],[43.39,12.666],[43.398,12.671],[43.406,12.673],[43.429,12.674]]],[[[54.471,12.544],[54.497,12.547],[54.516,12.558],[54.527,12.557],[54.54,12.55],[54.528,12.537],[54.498,12.529],[54.477,12.523],[54.457,12.519],[54.447,12.511],[54.445,12.485],[54.402,12.467],[54.369,12.46],[54.328,12.443],[54.283,12.447],[54.246,12.434],[54.237,12.425],[54.219,12.399],[54.21,12.394],[54.184,12.383],[54.155,12.36],[54.14,12.351],[54.111,12.354],[54.064,12.351],[54.048,12.353],[54.031,12.348],[54.008,12.33],[53.986,12.337],[53.986,12.337],[53.97,12.342],[53.939,12.335],[53.896,12.328],[53.776,12.305],[53.731,12.3],[53.673,12.306],[53.618,12.323],[53.572,12.335],[53.552,12.354],[53.536,12.374],[53.52,12.394],[53.506,12.416],[53.479,12.425],[53.438,12.452],[53.334,12.516],[53.31,12.538],[53.307,12.543],[53.316,12.55],[53.342,12.543],[53.363,12.545],[53.385,12.557],[53.389,12.561],[53.391,12.57],[53.4,12.588],[53.403,12.598],[53.396,12.656],[53.411,12.662],[53.428,12.665],[53.47,12.671],[53.48,12.687],[53.49,12.702],[53.5,12.712],[53.519,12.714],[53.574,12.704],[53.606,12.7],[53.63,12.702],[53.655,12.705],[53.694,12.67],[53.763,12.62],[53.808,12.608],[53.846,12.599],[53.866,12.623],[53.876,12.647],[53.903,12.653],[53.922,12.651],[53.94,12.642],[53.974,12.647],[54.008,12.646],[54.045,12.667],[54.058,12.671],[54.082,12.686],[54.093,12.699],[54.119,12.701],[54.132,12.688],[54.147,12.678],[54.168,12.665],[54.183,12.668],[54.195,12.675],[54.201,12.673],[54.211,12.662],[54.219,12.653],[54.237,12.652],[54.26,12.648],[54.269,12.632],[54.285,12.626],[54.319,12.611],[54.36,12.603],[54.401,12.58],[54.422,12.574],[54.471,12.544]]],[[[42.719,13.743],[42.762,13.772],[42.783,13.78],[42.795,13.77],[42.792,13.751],[42.761,13.719],[42.754,13.698],[42.744,13.688],[42.689,13.664],[42.688,13.664],[42.686,13.676],[42.686,13.678],[42.686,13.679],[42.694,13.699],[42.719,13.743]]],[[[42.76,14.065],[42.768,14.072],[42.796,14.037],[42.802,14.023],[42.802,14.012],[42.788,13.975],[42.787,13.944],[42.789,13.927],[42.782,13.92],[42.754,13.921],[42.768,13.949],[42.747,13.957],[42.722,13.969],[42.712,13.977],[42.701,13.988],[42.699,13.992],[42.692,14.013],[42.701,14.028],[42.721,14.046],[42.744,14.06],[42.76,14.065]]],[[[42.636,15.446],[42.61,15.429],[42.607,15.423],[42.612,15.421],[42.612,15.417],[42.608,15.41],[42.599,15.404],[42.585,15.397],[42.582,15.392],[42.593,15.389],[42.606,15.393],[42.618,15.4],[42.628,15.399],[42.628,15.386],[42.616,15.348],[42.613,15.335],[42.615,15.326],[42.613,15.319],[42.608,15.314],[42.609,15.312],[42.615,15.314],[42.614,15.308],[42.594,15.279],[42.582,15.268],[42.568,15.269],[42.557,15.278],[42.546,15.294],[42.546,15.317],[42.556,15.341],[42.559,15.393],[42.571,15.41],[42.584,15.423],[42.593,15.431],[42.598,15.439],[42.602,15.446],[42.624,15.457],[42.631,15.454],[42.636,15.446]]]]}},{"type":"Feature","properties":{"cc":"SO"},"geometry":{"type":"Polygon","coordinates":[[[46.467,6.538],[46.488,6.559],[46.508,6.578],[46.553,6.621],[46.598,6.665],[46.618,6.684],[46.667,6.731],[46.716,6.778],[46.764,6.825],[46.813,6.872],[46.861,6.919],[46.91,6.965],[46.959,7.012],[47.007,7.059],[47.056,7.106],[47.104,7.153],[47.153,7.2],[47.201,7.247],[47.25,7.294],[47.299,7.34],[47.347,7.387],[47.396,7.434],[47.445,7.481],[47.493,7.528],[47.532,7.566],[47.542,7.575],[47.59,7.622],[47.639,7.669],[47.688,7.715],[47.736,7.762],[47.785,7.809],[47.833,7.856],[47.882,7.903],[47.931,7.95],[47.979,7.997],[47.837,7.997],[47.654,7.997],[47.524,7.997],[47.366,7.997],[47.211,7.997],[47.068,7.997],[46.979,7.997],[46.921,8.026],[46.857,8.047],[46.774,8.075],[46.69,8.103],[46.606,8.131],[46.522,8.159],[46.438,8.187],[46.354,8.215],[46.27,8.244],[46.186,8.272],[46.102,8.3],[46.018,8.328],[45.934,8.356],[45.85,8.384],[45.766,8.412],[45.682,8.44],[45.598,8.468],[45.514,8.497],[45.426,8.525],[45.338,8.554],[45.25,8.583],[45.162,8.612],[45.074,8.641],[44.986,8.67],[44.897,8.699],[44.809,8.728],[44.721,8.757],[44.633,8.786],[44.545,8.815],[44.457,8.844],[44.369,8.872],[44.28,8.901],[44.192,8.93],[44.104,8.959],[44.024,8.986],[43.985,9.008],[43.915,9.071],[43.788,9.187],[43.698,9.267],[43.622,9.337],[43.607,9.345],[43.591,9.344],[43.567,9.334],[43.548,9.336],[43.471,9.382],[43.419,9.413],[43.406,9.429],[43.402,9.447],[43.399,9.481],[43.393,9.499],[43.371,9.544],[43.362,9.553],[43.341,9.566],[43.332,9.575],[43.325,9.586],[43.316,9.608],[43.306,9.618],[43.298,9.622],[43.271,9.628],[43.249,9.652],[43.235,9.692],[43.206,9.851],[43.187,9.883],[43.15,9.9],[43.104,9.908],[43.068,9.923],[43.04,9.95],[43.021,9.996],[43.013,10.029],[43.0,10.062],[42.982,10.092],[42.958,10.116],[42.862,10.177],[42.836,10.208],[42.808,10.269],[42.789,10.333],[42.777,10.425],[42.766,10.452],[42.75,10.472],[42.695,10.525],[42.669,10.566],[42.649,10.611],[42.647,10.632],[42.66,10.642],[42.68,10.648],[42.7,10.659],[42.712,10.675],[42.719,10.695],[42.729,10.735],[42.738,10.76],[42.75,10.776],[42.786,10.804],[42.801,10.821],[42.808,10.836],[42.812,10.853],[42.819,10.873],[42.835,10.888],[42.877,10.906],[42.894,10.92],[42.901,10.937],[42.911,10.977],[42.924,10.999],[43.189,11.408],[43.241,11.488],[43.253,11.473],[43.267,11.462],[43.288,11.46],[43.283,11.499],[43.297,11.482],[43.32,11.446],[43.34,11.426],[43.352,11.42],[43.376,11.392],[43.394,11.385],[43.414,11.381],[43.443,11.36],[43.46,11.351],[43.466,11.368],[43.478,11.38],[43.489,11.381],[43.494,11.365],[43.479,11.272],[43.488,11.239],[43.506,11.209],[43.529,11.187],[43.536,11.184],[43.552,11.18],[43.559,11.176],[43.563,11.17],[43.568,11.155],[43.583,11.135],[43.592,11.107],[43.617,11.071],[43.659,10.988],[43.756,10.894],[43.83,10.803],[43.922,10.724],[44.028,10.652],[44.098,10.589],[44.15,10.559],[44.274,10.457],[44.304,10.44],[44.348,10.415],[44.389,10.397],[44.465,10.401],[44.541,10.393],[44.586,10.384],[44.627,10.391],[44.662,10.402],[44.721,10.419],[44.751,10.428],[44.79,10.423],[44.855,10.415],[44.899,10.412],[44.962,10.416],[44.994,10.443],[44.988,10.46],[45.001,10.46],[45.111,10.526],[45.127,10.532],[45.157,10.541],[45.252,10.601],[45.321,10.662],[45.337,10.671],[45.355,10.669],[45.373,10.662],[45.392,10.658],[45.409,10.659],[45.445,10.668],[45.487,10.685],[45.517,10.702],[45.543,10.722],[45.573,10.758],[45.586,10.766],[45.662,10.791],[45.673,10.796],[45.685,10.809],[45.695,10.822],[45.706,10.833],[45.725,10.837],[45.738,10.844],[45.754,10.872],[45.769,10.878],[45.787,10.878],[45.803,10.875],[45.817,10.869],[45.831,10.858],[45.84,10.845],[45.847,10.832],[45.856,10.824],[45.872,10.823],[45.868,10.841],[45.884,10.841],[45.978,10.799],[46.013,10.795],[46.048,10.785],[46.064,10.779],[46.102,10.771],[46.137,10.776],[46.207,10.796],[46.238,10.792],[46.263,10.777],[46.307,10.731],[46.335,10.71],[46.37,10.697],[46.409,10.692],[46.448,10.693],[46.482,10.701],[46.5,10.708],[46.528,10.726],[46.561,10.732],[46.589,10.743],[46.629,10.745],[46.646,10.748],[46.66,10.754],[46.694,10.782],[46.782,10.822],[46.822,10.853],[46.866,10.872],[46.872,10.878],[46.881,10.893],[46.886,10.899],[46.894,10.902],[46.907,10.903],[46.914,10.905],[47.008,10.939],[47.083,10.995],[47.132,11.036],[47.168,11.072],[47.181,11.08],[47.227,11.094],[47.239,11.101],[47.263,11.121],[47.367,11.173],[47.386,11.18],[47.406,11.185],[47.437,11.18],[47.49,11.193],[47.523,11.187],[47.678,11.108],[47.71,11.101],[47.767,11.13],[47.893,11.133],[47.948,11.125],[48.13,11.137],[48.161,11.146],[48.174,11.157],[48.196,11.187],[48.216,11.196],[48.217,11.204],[48.22,11.211],[48.229,11.215],[48.247,11.214],[48.255,11.215],[48.274,11.22],[48.294,11.223],[48.304,11.228],[48.311,11.235],[48.313,11.242],[48.315,11.249],[48.318,11.256],[48.331,11.269],[48.343,11.275],[48.373,11.282],[48.444,11.289],[48.479,11.296],[48.507,11.314],[48.522,11.319],[48.586,11.317],[48.637,11.329],[48.655,11.331],[48.724,11.315],[48.762,11.301],[48.801,11.279],[48.889,11.251],[48.904,11.248],[48.921,11.248],[48.939,11.249],[48.977,11.251],[49.108,11.277],[49.24,11.3],[49.278,11.317],[49.293,11.338],[49.303,11.345],[49.316,11.341],[49.325,11.335],[49.336,11.335],[49.4,11.341],[49.419,11.345],[49.435,11.351],[49.489,11.382],[49.507,11.385],[49.522,11.394],[49.544,11.437],[49.559,11.454],[49.577,11.46],[49.6,11.462],[49.645,11.46],[49.65,11.462],[49.666,11.471],[49.675,11.474],[49.687,11.474],[49.716,11.468],[49.805,11.458],[49.851,11.465],[49.881,11.488],[49.889,11.487],[49.906,11.499],[49.918,11.502],[49.922,11.504],[49.934,11.513],[49.942,11.516],[49.949,11.515],[49.956,11.513],[49.961,11.51],[49.963,11.509],[50.054,11.511],[50.073,11.509],[50.132,11.54],[50.151,11.558],[50.162,11.563],[50.198,11.563],[50.207,11.567],[50.214,11.573],[50.225,11.578],[50.268,11.589],[50.289,11.602],[50.372,11.669],[50.418,11.678],[50.437,11.691],[50.47,11.728],[50.501,11.755],[50.513,11.771],[50.518,11.793],[50.519,11.815],[50.523,11.838],[50.529,11.86],[50.539,11.879],[50.561,11.908],[50.576,11.921],[50.59,11.926],[50.602,11.928],[50.627,11.94],[50.632,11.947],[50.636,11.952],[50.641,11.954],[50.647,11.954],[50.656,11.948],[50.661,11.948],[50.683,11.953],[50.725,11.971],[50.762,11.979],[50.772,11.986],[50.798,11.989],[50.867,11.943],[50.97,11.932],[51.029,11.885],[51.049,11.879],[51.128,11.879],[51.147,11.874],[51.181,11.855],[51.2,11.851],[51.223,11.851],[51.247,11.848],[51.267,11.839],[51.293,11.833],[51.277,11.801],[51.266,11.759],[51.249,11.729],[51.256,11.682],[51.248,11.652],[51.23,11.636],[51.213,11.608],[51.181,11.579],[51.148,11.536],[51.125,11.512],[51.121,11.505],[51.122,11.494],[51.127,11.479],[51.128,11.471],[51.125,11.448],[51.118,11.426],[51.086,11.357],[51.081,11.341],[51.079,11.276],[51.073,11.234],[51.086,11.188],[51.131,11.161],[51.174,11.159],[51.19,11.138],[51.164,11.117],[51.142,11.068],[51.131,11.053],[51.124,11.039],[51.118,11.017],[51.115,10.993],[51.125,10.855],[51.138,10.677],[51.161,10.598],[51.154,10.588],[51.131,10.584],[51.107,10.577],[51.102,10.559],[51.107,10.515],[51.102,10.495],[51.092,10.482],[51.077,10.476],[51.056,10.474],[51.036,10.468],[51.018,10.452],[51.01,10.434],[51.018,10.419],[51.038,10.416],[51.19,10.446],[51.201,10.445],[51.212,10.442],[51.22,10.442],[51.224,10.45],[51.22,10.461],[51.21,10.467],[51.201,10.472],[51.197,10.477],[51.196,10.5],[51.193,10.521],[51.187,10.542],[51.176,10.563],[51.192,10.549],[51.207,10.538],[51.221,10.525],[51.238,10.515],[51.247,10.509],[51.258,10.504],[51.281,10.487],[51.293,10.48],[51.311,10.476],[51.326,10.473],[51.336,10.475],[51.346,10.48],[51.357,10.484],[51.378,10.482],[51.395,10.479],[51.403,10.457],[51.417,10.447],[51.411,10.43],[51.398,10.396],[51.385,10.392],[51.38,10.387],[51.373,10.381],[51.376,10.368],[51.367,10.368],[51.349,10.375],[51.336,10.374],[51.32,10.378],[51.301,10.373],[51.273,10.378],[51.265,10.397],[51.263,10.409],[51.257,10.42],[51.241,10.426],[51.09,10.407],[51.017,10.382],[50.927,10.328],[50.91,10.296],[50.902,10.234],[50.913,10.177],[50.884,10.101],[50.889,10.056],[50.9,10.024],[50.902,10.012],[50.9,10.001],[50.891,9.986],[50.878,9.917],[50.881,9.905],[50.87,9.884],[50.863,9.866],[50.854,9.816],[50.841,9.78],[50.833,9.769],[50.839,9.741],[50.837,9.731],[50.832,9.712],[50.824,9.651],[50.806,9.624],[50.806,9.594],[50.813,9.541],[50.837,9.477],[50.84,9.456],[50.837,9.437],[50.83,9.42],[50.768,9.319],[50.748,9.304],[50.706,9.286],[50.689,9.275],[50.677,9.259],[50.647,9.211],[50.641,9.196],[50.649,9.133],[50.648,9.11],[50.634,9.073],[50.605,9.038],[50.495,8.952],[50.464,8.921],[50.44,8.888],[50.422,8.857],[50.408,8.816],[50.39,8.734],[50.374,8.699],[50.327,8.641],[50.32,8.62],[50.323,8.56],[50.32,8.542],[50.303,8.505],[50.29,8.487],[50.275,8.479],[50.256,8.473],[50.246,8.456],[50.239,8.436],[50.23,8.418],[50.166,8.333],[50.156,8.321],[50.141,8.288],[50.113,8.2],[50.091,8.161],[50.058,8.13],[49.929,8.052],[49.842,7.963],[49.824,7.934],[49.813,7.898],[49.803,7.827],[49.809,7.815],[49.823,7.805],[49.828,7.783],[49.825,7.758],[49.819,7.74],[49.791,7.7],[49.761,7.667],[49.752,7.65],[49.748,7.607],[49.744,7.589],[49.641,7.409],[49.587,7.315],[49.521,7.24],[49.367,7.026],[49.293,6.881],[49.247,6.811],[49.198,6.674],[49.075,6.415],[49.072,6.393],[49.074,6.371],[49.084,6.329],[49.086,6.307],[49.071,6.22],[49.036,6.144],[48.951,5.999],[48.85,5.824],[48.696,5.587],[48.647,5.48],[48.62,5.444],[48.548,5.375],[48.448,5.209],[48.329,5.08],[48.202,4.909],[48.056,4.613],[47.948,4.457],[47.841,4.341],[47.578,4.06],[47.489,3.936],[47.336,3.779],[47.207,3.645],[47.04,3.469],[47.013,3.441],[46.834,3.232],[46.7,3.113],[46.626,3.024],[46.488,2.909],[46.414,2.833],[46.352,2.789],[46.35,2.78],[46.345,2.77],[46.339,2.762],[46.334,2.758],[46.318,2.752],[46.308,2.736],[46.3,2.716],[46.289,2.696],[46.275,2.686],[46.237,2.668],[46.142,2.569],[46.131,2.554],[46.115,2.523],[46.105,2.511],[46.063,2.484],[46.048,2.455],[46.027,2.438],[45.826,2.309],[45.712,2.244],[45.606,2.183],[45.266,1.987],[45.232,1.968],[45.211,1.963],[45.2,1.96],[45.001,1.866],[44.832,1.75],[44.824,1.74],[44.812,1.736],[44.676,1.638],[44.55,1.559],[44.333,1.39],[44.221,1.276],[44.198,1.266],[44.158,1.241],[44.146,1.23],[44.142,1.221],[44.14,1.211],[44.138,1.192],[44.134,1.188],[44.115,1.182],[44.111,1.178],[44.104,1.168],[44.033,1.097],[44.013,1.084],[43.991,1.079],[43.979,1.069],[43.933,1.01],[43.82,0.949],[43.782,0.922],[43.734,0.855],[43.717,0.845],[43.703,0.841],[43.659,0.805],[43.468,0.621],[43.285,0.415],[43.185,0.316],[43.09,0.223],[42.891,0.003],[42.77,-0.129],[42.712,-0.177],[42.648,-0.229],[42.58,-0.298],[42.556,-0.332],[42.554,-0.342],[42.554,-0.351],[42.551,-0.358],[42.527,-0.363],[42.519,-0.369],[42.48,-0.422],[42.474,-0.439],[42.487,-0.449],[42.476,-0.466],[42.473,-0.47],[42.473,-0.464],[42.472,-0.459],[42.47,-0.454],[42.466,-0.449],[42.413,-0.491],[42.405,-0.501],[42.398,-0.517],[42.383,-0.535],[42.35,-0.566],[42.25,-0.686],[42.247,-0.694],[42.247,-0.702],[42.245,-0.707],[42.236,-0.71],[42.233,-0.713],[42.192,-0.776],[42.167,-0.803],[42.152,-0.814],[42.136,-0.822],[42.116,-0.826],[42.087,-0.826],[42.072,-0.829],[42.063,-0.839],[42.082,-0.843],[42.081,-0.863],[42.072,-0.884],[42.066,-0.894],[42.051,-0.902],[42.037,-0.92],[42.026,-0.942],[42.021,-0.96],[42.016,-0.968],[41.983,-0.994],[41.972,-1.0],[41.968,-0.993],[41.964,-0.951],[41.965,-0.912],[41.959,-0.894],[41.953,-0.894],[41.955,-0.91],[41.952,-0.921],[41.948,-0.931],[41.945,-0.943],[41.946,-0.955],[41.951,-0.969],[41.953,-0.98],[41.956,-0.993],[41.962,-0.999],[41.969,-1.003],[41.973,-1.011],[41.972,-1.024],[41.961,-1.044],[41.959,-1.056],[41.953,-1.069],[41.93,-1.09],[41.925,-1.097],[41.923,-1.11],[41.918,-1.121],[41.912,-1.131],[41.874,-1.176],[41.869,-1.186],[41.873,-1.195],[41.881,-1.195],[41.89,-1.189],[41.897,-1.183],[41.885,-1.21],[41.863,-1.212],[41.842,-1.197],[41.835,-1.169],[41.829,-1.169],[41.83,-1.189],[41.842,-1.225],[41.843,-1.244],[41.837,-1.262],[41.732,-1.431],[41.709,-1.46],[41.69,-1.49],[41.652,-1.565],[41.633,-1.58],[41.611,-1.593],[41.575,-1.653],[41.555,-1.67],[41.561,-1.67],[41.535,-1.696],[41.536,-1.676],[41.539,-1.614],[41.535,-1.595],[41.523,-1.573],[41.485,-1.523],[41.434,-1.458],[41.384,-1.393],[41.332,-1.326],[41.283,-1.263],[41.237,-1.204],[41.182,-1.133],[41.131,-1.066],[41.082,-1.003],[41.056,-0.97],[41.031,-0.937],[41.005,-0.904],[40.98,-0.871],[40.979,-0.795],[40.978,-0.724],[40.977,-0.654],[40.976,-0.545],[40.974,-0.437],[40.973,-0.328],[40.971,-0.22],[40.97,-0.152],[40.97,-0.085],[40.968,-0.003],[40.968,0.122],[40.968,0.247],[40.968,0.372],[40.968,0.497],[40.968,0.622],[40.968,0.747],[40.968,0.872],[40.968,0.997],[40.968,1.122],[40.968,1.23],[40.968,1.247],[40.968,1.372],[40.968,1.497],[40.968,1.622],[40.968,1.747],[40.968,1.872],[40.968,1.997],[40.968,2.104],[40.968,2.21],[40.968,2.317],[40.968,2.423],[40.968,2.497],[40.967,2.632],[40.966,2.761],[40.965,2.814],[40.98,2.842],[41.014,2.876],[41.096,2.957],[41.178,3.038],[41.261,3.12],[41.343,3.201],[41.395,3.275],[41.446,3.349],[41.498,3.423],[41.55,3.497],[41.634,3.617],[41.717,3.737],[41.801,3.857],[41.885,3.977],[41.898,3.997],[41.912,4.008],[41.917,4.02],[41.917,4.051],[41.923,4.071],[41.941,4.086],[42.012,4.129],[42.068,4.175],[42.103,4.192],[42.135,4.2],[42.222,4.201],[42.297,4.202],[42.415,4.222],[42.568,4.248],[42.719,4.273],[42.79,4.286],[42.832,4.302],[42.869,4.327],[42.87,4.328],[42.9,4.361],[42.915,4.393],[42.932,4.463],[42.946,4.497],[42.953,4.508],[42.96,4.517],[43.035,4.579],[43.119,4.648],[43.233,4.701],[43.347,4.756],[43.459,4.809],[43.528,4.842],[43.641,4.867],[43.716,4.885],[43.815,4.907],[43.845,4.914],[43.932,4.945],[43.969,4.954],[44.029,4.95],[44.081,4.947],[44.133,4.944],[44.185,4.941],[44.236,4.938],[44.288,4.935],[44.34,4.932],[44.392,4.929],[44.444,4.926],[44.496,4.923],[44.547,4.92],[44.597,4.918],[44.599,4.918],[44.651,4.915],[44.703,4.912],[44.755,4.909],[44.807,4.906],[44.858,4.903],[44.913,4.899],[44.942,4.911],[45.021,4.997],[45.021,4.997],[45.078,5.059],[45.185,5.176],[45.292,5.293],[45.4,5.411],[45.507,5.528],[45.518,5.541],[45.614,5.645],[45.721,5.762],[45.829,5.88],[45.936,5.997],[45.997,6.059],[46.058,6.122],[46.119,6.184],[46.18,6.247],[46.241,6.309],[46.302,6.372],[46.363,6.434],[46.424,6.497],[46.467,6.538]]]}}]}